amazon-order-id	merchant-order-id	purchase-date	order-status	fulfillment-channel	sales-channel	order-channel	product-name	sku	asin	item-status	quantity	currency	item-price	item-tax	shipping-price	shipping-tax	item-promotion-discount	ship-promotion-discount	ship-city	ship-country
112-4870388-010001	M-10001	2026-04-30T18:40:00.000Z	pending	MFN	Amazon.de	Amazon.de	Recycled Wool Blanket	BLANKET-WOOL-57-1	B0SYN000101	unshipped	1	EUR	79.96	15.19	6.83	1.30	0.00	0.00	Vienna	AT
112-3148033-010002	M-10002	2026-01-01T21:38:00.000Z	shipped	AFN	Amazon.co.uk	Amazon.co.uk	Glass Storage Jar	JAR-GLASS-88-1	B0SYN000201	shipped	1	GBP	16.79	3.36	0.10	0.02	0.00	0.00	London	GB
112-3148033-010002	M-10002	2026-01-01T21:38:00.000Z	shipped	AFN	Amazon.co.uk	Amazon.co.uk	Stoneware Plate	PLATE-STONE-86-2	B0SYN000202	shipped	1	GBP	38.76	7.75	0.00	0.00	0.00	0.00	London	GB
112-3148033-010002	M-10002	2026-01-01T21:38:00.000Z	shipped	AFN	Amazon.co.uk	Amazon.co.uk	Enamel Mixing Bowl	BOWL-ENAMEL-25-3	B0SYN000203	shipped	2	GBP	76.12	15.22	0.00	0.00	0.00	0.00	London	GB
112-2128797-010003	M-10003	2026-04-19T15:52:00.000Z	shipped	AFN	Amazon.de	Amazon.de	Matte Table Lamp	LAMP-MATTE-15-1	B0SYN000301	shipped	1	EUR	49.77	9.46	9.71	1.84	4.38	0.00	Munich	DE
112-2128797-010003	M-10003	2026-04-19T15:52:00.000Z	shipped	AFN	Amazon.de	Amazon.de	Recycled Wool Blanket	BLANKET-WOOL-58-2	B0SYN000302	shipped	4	EUR	286.12	54.36	0.00	0.00	0.00	0.00	Munich	DE
112-2128797-010003	M-10003	2026-04-19T15:52:00.000Z	shipped	AFN	Amazon.de	Amazon.de	Enamel Mixing Bowl	BOWL-ENAMEL-92-3	B0SYN000303	shipped	3	EUR	117.09	22.25	0.00	0.00	0.00	0.00	Munich	DE
112-3719053-010004	M-10004	2026-04-25T08:53:00.000Z	pending	AFN	Amazon.de	Amazon.de	Wool Cushion Cover	CUSHION-WOOL-24-1	B0SYN000401	unshipped	1	EUR	29.70	5.64	7.45	1.42	2.20	0.00	Dublin	IE
112-3719053-010004	M-10004	2026-04-25T08:53:00.000Z	pending	AFN	Amazon.de	Amazon.de	Walnut Desk Organizer	DESK-WALNUT-43-2	B0SYN000402	unshipped	4	EUR	217.28	41.28	0.00	0.00	1.49	0.00	Dublin	IE
112-3719053-010004	M-10004	2026-04-25T08:53:00.000Z	pending	AFN	Amazon.de	Amazon.de	Matte Table Lamp	LAMP-MATTE-07-3	B0SYN000403	unshipped	1	EUR	49.51	9.41	0.00	0.00	0.00	0.00	Dublin	IE
112-8736284-010005	M-10005	2026-02-27T13:35:00.000Z	pending	MFN	Amazon.de	Amazon.de	Ceramic Pour-Over Set	POUR-CERAMIC-65-1	B0SYN000501	unshipped	1	EUR	42.44	8.06	2.35	0.45	0.00	0.00	Milan	IT
112-7471957-010006	M-10006	2026-01-31T18:05:00.000Z	pending	MFN	Amazon.co.uk	Amazon.co.uk	Walnut Desk Organizer	DESK-WALNUT-49-1	B0SYN000601	unshipped	2	GBP	98.34	19.67	7.10	1.42	0.00	0.00	London	GB
112-7471957-010006	M-10006	2026-01-31T18:05:00.000Z	pending	MFN	Amazon.co.uk	Amazon.co.uk	Oak Serving Tray	TRAY-OAK-54-2	B0SYN000602	unshipped	2	GBP	138.40	27.68	0.00	0.00	0.00	0.00	London	GB
112-7471957-010006	M-10006	2026-01-31T18:05:00.000Z	pending	MFN	Amazon.co.uk	Amazon.co.uk	Oak Serving Tray	TRAY-OAK-25-3	B0SYN000603	unshipped	4	GBP	278.28	55.66	0.00	0.00	10.48	0.00	London	GB
112-7471957-010006	M-10006	2026-01-31T18:05:00.000Z	pending	MFN	Amazon.co.uk	Amazon.co.uk	Wool Cushion Cover	CUSHION-WOOL-25-4	B0SYN000604	unshipped	4	GBP	154.60	30.92	0.00	0.00	0.00	0.00	London	GB
112-4883238-010007	M-10007	2026-03-22T11:02:00.000Z	unshipped	AFN	Amazon.de	Amazon.de	Serving Bowl	BOWL-SERVE-22-1	B0SYN000701	unshipped	4	EUR	100.08	19.02	8.50	1.61	0.00	0.00	Berlin	DE
112-4883238-010007	M-10007	2026-03-22T11:02:00.000Z	unshipped	AFN	Amazon.de	Amazon.de	Oak Serving Tray	TRAY-OAK-38-2	B0SYN000702	unshipped	4	EUR	263.28	50.02	0.00	0.00	0.00	0.00	Berlin	DE
112-4883238-010007	M-10007	2026-03-22T11:02:00.000Z	unshipped	AFN	Amazon.de	Amazon.de	Cashmere Throw	THROW-CASH-84-3	B0SYN000703	unshipped	4	EUR	337.32	64.09	0.00	0.00	0.00	0.00	Berlin	DE
112-4883238-010007	M-10007	2026-03-22T11:02:00.000Z	unshipped	AFN	Amazon.de	Amazon.de	Wool Cushion Cover	CUSHION-WOOL-63-4	B0SYN000704	unshipped	3	EUR	108.54	20.62	0.00	0.00	0.00	0.00	Berlin	DE
112-4552333-010008	M-10008	2026-03-02T15:59:00.000Z	unshipped	AFN	Amazon.de	Amazon.de	Serving Bowl	BOWL-SERVE-66-1	B0SYN000801	unshipped	2	CZK	36.38	7.64	7.35	1.54	4.30	0.00	Prague	CZ
112-2274263-010009	M-10009	2026-04-30T16:43:00.000Z	pending	AFN	Amazon.de	Amazon.de	Ceramic Pour-Over Set	POUR-CERAMIC-65-1	B0SYN000901	unshipped	4	CZK	177.44	37.26	4.52	0.95	0.00	0.00	Prague	CZ
112-2274263-010009	M-10009	2026-04-30T16:43:00.000Z	pending	AFN	Amazon.de	Amazon.de	Walnut Desk Organizer	DESK-WALNUT-85-2	B0SYN000902	unshipped	3	CZK	142.11	29.84	0.00	0.00	0.00	0.00	Prague	CZ
112-2274263-010009	M-10009	2026-04-30T16:43:00.000Z	pending	AFN	Amazon.de	Amazon.de	Brass Candle Holder	CANDLE-BRASS-57-3	B0SYN000903	unshipped	2	CZK	37.22	7.82	0.00	0.00	2.30	0.00	Prague	CZ
112-9431037-010010	M-10010	2026-04-09T07:19:00.000Z	shipped	AFN	Amazon.de	Amazon.de	Linen Lamp Shade	SHADE-LINEN-59-1	B0SYN001001	shipped	2	EUR	71.58	13.60	7.64	1.45	0.00	0.00	Berlin	DE
112-9431037-010010	M-10010	2026-04-09T07:19:00.000Z	shipped	AFN	Amazon.de	Amazon.de	Matte Table Lamp	LAMP-MATTE-75-2	B0SYN001002	shipped	1	EUR	61.58	11.70	0.00	0.00	0.00	0.00	Berlin	DE
112-9431037-010010	M-10010	2026-04-09T07:19:00.000Z	shipped	AFN	Amazon.de	Amazon.de	Ceramic Pour-Over Set	POUR-CERAMIC-18-3	B0SYN001003	shipped	1	EUR	45.59	8.66	0.00	0.00	1.34	0.00	Berlin	DE
112-9431037-010010	M-10010	2026-04-09T07:19:00.000Z	shipped	AFN	Amazon.de	Amazon.de	Wool Cushion Cover	CUSHION-WOOL-28-4	B0SYN001004	shipped	1	EUR	31.79	6.04	0.00	0.00	1.41	0.00	Berlin	DE
112-7978191-010011	M-10011	2026-02-16T13:19:00.000Z	unshipped	MFN	Amazon.de	Amazon.de	Linen Lamp Shade	SHADE-LINEN-87-1	B0SYN001101	unshipped	2	EUR	68.86	13.08	9.25	1.76	0.00	0.00	Dublin	IE
112-7978191-010011	M-10011	2026-02-16T13:19:00.000Z	unshipped	MFN	Amazon.de	Amazon.de	Bamboo Bath Towel	TOWEL-BAMBOO-91-2	B0SYN001102	unshipped	3	EUR	82.23	15.62	0.00	0.00	0.00	0.00	Dublin	IE
112-7978191-010011	M-10011	2026-02-16T13:19:00.000Z	unshipped	MFN	Amazon.de	Amazon.de	Organic Cotton Sheet Set	SHEET-COTTON-31-3	B0SYN001103	unshipped	1	EUR	92.31	17.54	0.00	0.00	0.00	0.00	Dublin	IE
112-7978191-010011	M-10011	2026-02-16T13:19:00.000Z	unshipped	MFN	Amazon.de	Amazon.de	Bamboo Bath Towel	TOWEL-BAMBOO-03-4	B0SYN001104	unshipped	1	EUR	23.70	4.50	0.00	0.00	0.00	0.00	Dublin	IE
112-9434810-010012	M-10012	2026-01-16T17:18:00.000Z	shipped	AFN	Amazon.de	Amazon.de	Cashmere Throw	THROW-CASH-45-1	B0SYN001201	shipped	4	CZK	331.08	69.53	5.46	1.15	0.00	0.00	Prague	CZ
112-9434810-010012	M-10012	2026-01-16T17:18:00.000Z	shipped	AFN	Amazon.de	Amazon.de	Cashmere Throw	THROW-CASH-50-2	B0SYN001202	shipped	2	CZK	167.50	35.17	0.00	0.00	0.00	0.00	Prague	CZ
112-9434810-010012	M-10012	2026-01-16T17:18:00.000Z	shipped	AFN	Amazon.de	Amazon.de	Enamel Mixing Bowl	BOWL-ENAMEL-17-3	B0SYN001203	shipped	4	CZK	133.92	28.12	0.00	0.00	0.00	0.00	Prague	CZ
112-9218401-010013	M-10013	2026-04-23T18:05:00.000Z	shipped	AFN	Amazon.de	Amazon.de	Recycled Wool Blanket	BLANKET-WOOL-24-1	B0SYN001301	shipped	1	USD	79.74	6.58	4.20	0.35	4.29	0.00	Austin	US
112-6282125-010014	M-10014	2026-01-16T19:29:00.000Z	shipped	AFN	Amazon.de	Amazon.de	Ceramic Pour-Over Set	POUR-CERAMIC-63-1	B0SYN001401	shipped	3	EUR	140.94	26.78	5.87	1.12	0.00	0.00	Hamburg	DE
112-6282125-010014	M-10014	2026-01-16T19:29:00.000Z	shipped	AFN	Amazon.de	Amazon.de	Linen Lamp Shade	SHADE-LINEN-86-2	B0SYN001402	shipped	3	EUR	89.28	16.96	0.00	0.00	0.00	0.00	Hamburg	DE
112-6282125-010014	M-10014	2026-01-16T19:29:00.000Z	shipped	AFN	Amazon.de	Amazon.de	Enamel Mixing Bowl	BOWL-ENAMEL-57-3	B0SYN001403	shipped	1	EUR	34.56	6.57	0.00	0.00	0.00	0.00	Hamburg	DE
112-6282125-010014	M-10014	2026-01-16T19:29:00.000Z	shipped	AFN	Amazon.de	Amazon.de	Walnut Desk Organizer	DESK-WALNUT-21-4	B0SYN001404	shipped	4	EUR	221.44	42.07	0.00	0.00	0.00	0.00	Hamburg	DE
112-3467709-010015	M-10015	2026-02-19T11:46:00.000Z	shipped	AFN	Amazon.co.uk	Amazon.co.uk	Matte Table Lamp	LAMP-MATTE-23-1	B0SYN001501	shipped	2	GBP	119.76	23.95	6.99	1.40	0.00	0.00	London	GB
112-3467709-010015	M-10015	2026-02-19T11:46:00.000Z	shipped	AFN	Amazon.co.uk	Amazon.co.uk	Recycled Wool Blanket	BLANKET-WOOL-53-2	B0SYN001502	shipped	2	GBP	139.62	27.92	0.00	0.00	0.00	0.00	London	GB
112-3467709-010015	M-10015	2026-02-19T11:46:00.000Z	shipped	AFN	Amazon.co.uk	Amazon.co.uk	Ceramic Pour-Over Set	POUR-CERAMIC-60-3	B0SYN001503	shipped	1	GBP	42.97	8.59	0.00	0.00	0.00	0.00	London	GB
112-2212849-010016	M-10016	2026-04-14T17:50:00.000Z	unshipped	AFN	Amazon.de	Amazon.de	Stoneware Plate	PLATE-STONE-49-1	B0SYN001601	unshipped	4	EUR	158.56	30.13	4.53	0.86	6.76	0.00	Munich	DE
112-2212849-010016	M-10016	2026-04-14T17:50:00.000Z	unshipped	AFN	Amazon.de	Amazon.de	Steel Wall Hook	HOOK-STEEL-53-2	B0SYN001602	unshipped	3	EUR	43.56	8.28	0.00	0.00	0.00	0.00	Munich	DE
112-2096888-010017	M-10017	2026-02-07T10:42:00.000Z	unshipped	MFN	Amazon.de	Amazon.de	Walnut Desk Organizer	DESK-WALNUT-87-1	B0SYN001701	unshipped	3	EUR	133.26	25.32	7.89	1.50	0.00	0.00	Munich	DE
112-9253559-010018	M-10018	2026-03-31T21:43:00.000Z	unshipped	MFN	Amazon.de	Amazon.de	Matte Table Lamp	LAMP-MATTE-72-1	B0SYN001801	unshipped	1	EUR	55.25	10.50	7.90	1.50	0.00	0.00	Dublin	IE
112-9253559-010018	M-10018	2026-03-31T21:43:00.000Z	unshipped	MFN	Amazon.de	Amazon.de	Matte Table Lamp	LAMP-MATTE-53-2	B0SYN001802	unshipped	3	EUR	177.42	33.71	0.00	0.00	0.00	0.00	Dublin	IE
112-9253559-010018	M-10018	2026-03-31T21:43:00.000Z	unshipped	MFN	Amazon.de	Amazon.de	Stoneware Plate	PLATE-STONE-09-3	B0SYN001803	unshipped	1	EUR	43.83	8.33	0.00	0.00	0.00	0.00	Dublin	IE
112-9253559-010018	M-10018	2026-03-31T21:43:00.000Z	unshipped	MFN	Amazon.de	Amazon.de	Enamel Mixing Bowl	BOWL-ENAMEL-15-4	B0SYN001804	unshipped	3	EUR	85.29	16.21	0.00	0.00	0.00	0.00	Dublin	IE
112-1943432-010019	M-10019	2026-02-20T16:23:00.000Z	unshipped	MFN	Amazon.co.uk	Amazon.co.uk	Stoneware Plate	PLATE-STONE-28-1	B0SYN001901	unshipped	2	GBP	68.38	13.68	4.55	0.91	0.00	0.00	London	GB
112-3536255-010020	M-10020	2026-04-01T16:12:00.000Z	pending	MFN	Amazon.co.uk	Amazon.co.uk	Ceramic Pour-Over Set	POUR-CERAMIC-31-1	B0SYN002001	unshipped	2	GBP	74.42	14.88	2.36	0.47	8.17	0.00	London	GB
112-3536255-010020	M-10020	2026-04-01T16:12:00.000Z	pending	MFN	Amazon.co.uk	Amazon.co.uk	Linen Lamp Shade	SHADE-LINEN-85-2	B0SYN002002	unshipped	4	GBP	143.52	28.70	0.00	0.00	0.00	0.00	London	GB
112-1287837-010021	M-10021	2026-01-11T14:37:00.000Z	pending	AFN	Amazon.co.uk	Amazon.co.uk	Cashmere Throw	THROW-CASH-91-1	B0SYN002101	unshipped	3	GBP	239.58	47.92	3.13	0.63	0.00	0.00	Manchester	GB
112-1287837-010021	M-10021	2026-01-11T14:37:00.000Z	pending	AFN	Amazon.co.uk	Amazon.co.uk	Steel Wall Hook	HOOK-STEEL-87-2	B0SYN002102	unshipped	3	GBP	53.73	10.75	0.00	0.00	0.00	0.00	Manchester	GB
112-8554699-010022	M-10022	2026-03-03T10:25:00.000Z	pending	MFN	Amazon.de	Amazon.de	Enamel Mixing Bowl	BOWL-ENAMEL-44-1	B0SYN002201	unshipped	1	EUR	36.56	6.95	6.88	1.31	5.48	0.00	Dublin	IE
112-8554699-010022	M-10022	2026-03-03T10:25:00.000Z	pending	MFN	Amazon.de	Amazon.de	Walnut Desk Organizer	DESK-WALNUT-35-2	B0SYN002202	unshipped	3	EUR	134.61	25.58	0.00	0.00	11.64	0.00	Dublin	IE
112-8554699-010022	M-10022	2026-03-03T10:25:00.000Z	pending	MFN	Amazon.de	Amazon.de	Bamboo Bath Towel	TOWEL-BAMBOO-18-3	B0SYN002203	unshipped	3	EUR	80.70	15.33	0.00	0.00	0.00	0.00	Dublin	IE
112-4080781-010023	M-10023	2026-04-12T19:49:00.000Z	unshipped	MFN	Amazon.de	Amazon.de	Glass Storage Jar	JAR-GLASS-34-1	B0SYN002301	unshipped	4	EUR	54.40	10.34	7.82	1.49	0.00	0.00	Cologne	DE
112-4080781-010023	M-10023	2026-04-12T19:49:00.000Z	unshipped	MFN	Amazon.de	Amazon.de	Walnut Desk Organizer	DESK-WALNUT-73-2	B0SYN002302	unshipped	4	EUR	177.64	33.75	0.00	0.00	7.19	0.00	Cologne	DE
112-4080781-010023	M-10023	2026-04-12T19:49:00.000Z	unshipped	MFN	Amazon.de	Amazon.de	Serving Bowl	BOWL-SERVE-33-3	B0SYN002303	unshipped	1	EUR	19.84	3.77	0.00	0.00	0.00	0.00	Cologne	DE
112-4343339-010024	M-10024	2026-04-13T21:26:00.000Z	pending	AFN	Amazon.co.uk	Amazon.co.uk	Organic Cotton Sheet Set	SHEET-COTTON-26-1	B0SYN002401	unshipped	2	GBP	187.62	37.52	9.31	1.86	0.00	0.00	Manchester	GB
112-5508394-010025	M-10025	2026-01-30T20:18:00.000Z	pending	MFN	Amazon.de	Amazon.de	Linen Lamp Shade	SHADE-LINEN-72-1	B0SYN002501	unshipped	4	USD	92.48	7.63	9.37	0.77	0.00	0.00	Austin	US
112-5508394-010025	M-10025	2026-01-30T20:18:00.000Z	pending	MFN	Amazon.de	Amazon.de	Bamboo Bath Towel	TOWEL-BAMBOO-14-2	B0SYN002502	unshipped	3	USD	83.46	6.89	0.00	0.00	6.68	0.00	Austin	US
112-1915048-010026	M-10026	2026-02-26T17:29:00.000Z	pending	MFN	Amazon.de	Amazon.de	Bamboo Bath Towel	TOWEL-BAMBOO-66-1	B0SYN002601	unshipped	1	CHF	26.24	2.13	0.43	0.03	2.56	0.00	Zurich	CH
112-1915048-010026	M-10026	2026-02-26T17:29:00.000Z	pending	MFN	Amazon.de	Amazon.de	Bamboo Bath Towel	TOWEL-BAMBOO-59-2	B0SYN002602	unshipped	3	CHF	65.28	5.29	0.00	0.00	0.00	0.00	Zurich	CH
112-1915048-010026	M-10026	2026-02-26T17:29:00.000Z	pending	MFN	Amazon.de	Amazon.de	Walnut Desk Organizer	DESK-WALNUT-56-3	B0SYN002603	unshipped	4	CHF	179.84	14.57	0.00	0.00	0.00	0.00	Zurich	CH
112-1915048-010026	M-10026	2026-02-26T17:29:00.000Z	pending	MFN	Amazon.de	Amazon.de	Walnut Desk Organizer	DESK-WALNUT-82-4	B0SYN002604	unshipped	3	CHF	133.68	10.83	0.00	0.00	0.00	0.00	Zurich	CH
112-9409573-010027	M-10027	2026-01-11T09:45:00.000Z	pending	AFN	Amazon.de	Amazon.de	Organic Cotton Sheet Set	SHEET-COTTON-09-1	B0SYN002701	unshipped	3	EUR	289.53	55.01	5.58	1.06	0.00	0.00	Vienna	AT
112-5940486-010028	M-10028	2026-03-11T18:25:00.000Z	pending	AFN	Amazon.de	Amazon.de	Organic Cotton Sheet Set	SHEET-COTTON-58-1	B0SYN002801	unshipped	2	CHF	179.28	14.52	0.72	0.06	0.00	0.00	Zurich	CH
112-7200552-010029	M-10029	2026-01-08T10:23:00.000Z	shipped	AFN	Amazon.de	Amazon.de	Glass Storage Jar	JAR-GLASS-03-1	B0SYN002901	shipped	3	CZK	53.64	11.26	1.71	0.36	0.00	0.00	Prague	CZ
112-7200552-010029	M-10029	2026-01-08T10:23:00.000Z	shipped	AFN	Amazon.de	Amazon.de	Steel Wall Hook	HOOK-STEEL-84-2	B0SYN002902	shipped	1	CZK	19.02	3.99	0.00	0.00	0.00	0.00	Prague	CZ
112-1036544-010030	M-10030	2026-01-06T17:07:00.000Z	pending	AFN	Amazon.co.uk	Amazon.co.uk	Cashmere Throw	THROW-CASH-98-1	B0SYN003001	unshipped	3	GBP	239.94	47.99	8.57	1.71	0.00	0.00	Manchester	GB
112-1524363-010031	M-10031	2026-02-16T15:19:00.000Z	pending	AFN	Amazon.de	Amazon.de	Recycled Wool Blanket	BLANKET-WOOL-86-1	B0SYN003101	unshipped	2	CHF	134.06	10.86	9.14	0.74	0.00	0.00	Zurich	CH
112-1524363-010031	M-10031	2026-02-16T15:19:00.000Z	pending	AFN	Amazon.de	Amazon.de	Stoneware Plate	PLATE-STONE-79-2	B0SYN003102	unshipped	1	CHF	39.34	3.19	0.00	0.00	0.00	0.00	Zurich	CH
112-1882151-010032	M-10032	2026-03-20T17:25:00.000Z	unshipped	AFN	Amazon.de	Amazon.de	Recycled Wool Blanket	BLANKET-WOOL-07-1	B0SYN003201	unshipped	2	USD	152.58	12.59	2.15	0.18	0.00	0.00	Austin	US
112-1882151-010032	M-10032	2026-03-20T17:25:00.000Z	unshipped	AFN	Amazon.de	Amazon.de	Matte Table Lamp	LAMP-MATTE-29-2	B0SYN003202	unshipped	3	USD	150.30	12.40	0.00	0.00	0.00	0.00	Austin	US
112-1882151-010032	M-10032	2026-03-20T17:25:00.000Z	unshipped	AFN	Amazon.de	Amazon.de	Steel Wall Hook	HOOK-STEEL-73-3	B0SYN003203	unshipped	1	USD	10.30	0.85	0.00	0.00	0.00	0.00	Austin	US
112-8569231-010033	M-10033	2026-04-21T17:16:00.000Z	shipped	MFN	Amazon.de	Amazon.de	Ceramic Pour-Over Set	POUR-CERAMIC-40-1	B0SYN003301	shipped	2	CHF	99.82	8.09	3.89	0.32	0.00	0.00	Zurich	CH
112-8569231-010033	M-10033	2026-04-21T17:16:00.000Z	shipped	MFN	Amazon.de	Amazon.de	Enamel Mixing Bowl	BOWL-ENAMEL-88-2	B0SYN003302	shipped	4	CHF	156.56	12.68	0.00	0.00	0.00	0.00	Zurich	CH
112-8569231-010033	M-10033	2026-04-21T17:16:00.000Z	shipped	MFN	Amazon.de	Amazon.de	Linen Lamp Shade	SHADE-LINEN-17-3	B0SYN003303	shipped	2	CHF	60.78	4.92	0.00	0.00	0.00	0.00	Zurich	CH
112-8569231-010033	M-10033	2026-04-21T17:16:00.000Z	shipped	MFN	Amazon.de	Amazon.de	Oak Serving Tray	TRAY-OAK-82-4	B0SYN003304	shipped	3	CHF	192.57	15.60	0.00	0.00	0.00	0.00	Zurich	CH
112-1795850-010034	M-10034	2026-01-31T10:06:00.000Z	unshipped	AFN	Amazon.de	Amazon.de	Wool Cushion Cover	CUSHION-WOOL-16-1	B0SYN003401	unshipped	1	EUR	33.76	6.41	4.08	0.78	0.00	0.00	Munich	DE
112-1795850-010034	M-10034	2026-01-31T10:06:00.000Z	unshipped	AFN	Amazon.de	Amazon.de	Cashmere Throw	THROW-CASH-96-2	B0SYN003402	unshipped	1	EUR	84.78	16.11	0.00	0.00	2.25	0.00	Munich	DE
112-1795850-010034	M-10034	2026-01-31T10:06:00.000Z	unshipped	AFN	Amazon.de	Amazon.de	Linen Lamp Shade	SHADE-LINEN-85-3	B0SYN003403	unshipped	1	EUR	24.93	4.74	0.00	0.00	0.00	0.00	Munich	DE
112-1795850-010034	M-10034	2026-01-31T10:06:00.000Z	unshipped	AFN	Amazon.de	Amazon.de	Bamboo Bath Towel	TOWEL-BAMBOO-11-4	B0SYN003404	unshipped	1	EUR	29.44	5.59	0.00	0.00	0.00	0.00	Munich	DE
112-5601461-010035	M-10035	2026-03-16T19:31:00.000Z	unshipped	MFN	Amazon.de	Amazon.de	Recycled Wool Blanket	BLANKET-WOOL-55-1	B0SYN003501	unshipped	4	EUR	268.16	50.95	8.53	1.62	0.00	0.00	Vienna	AT
112-9787682-010036	M-10036	2026-02-06T14:33:00.000Z	pending	AFN	Amazon.de	Amazon.de	Walnut Desk Organizer	DESK-WALNUT-52-1	B0SYN003601	unshipped	3	EUR	153.24	29.12	6.38	1.21	0.00	0.00	Hamburg	DE
112-9940802-010037	M-10037	2026-04-08T20:27:00.000Z	unshipped	AFN	Amazon.de	Amazon.de	Steel Wall Hook	HOOK-STEEL-94-1	B0SYN003701	unshipped	4	EUR	34.24	6.51	1.77	0.34	0.00	0.00	Cologne	DE
112-9940802-010037	M-10037	2026-04-08T20:27:00.000Z	unshipped	AFN	Amazon.de	Amazon.de	Oak Serving Tray	TRAY-OAK-87-2	B0SYN003702	unshipped	4	EUR	255.52	48.55	0.00	0.00	2.16	0.00	Cologne	DE
112-9940802-010037	M-10037	2026-04-08T20:27:00.000Z	unshipped	AFN	Amazon.de	Amazon.de	Linen Lamp Shade	SHADE-LINEN-57-3	B0SYN003703	unshipped	1	EUR	33.94	6.45	0.00	0.00	3.94	0.00	Cologne	DE
112-9940802-010037	M-10037	2026-04-08T20:27:00.000Z	unshipped	AFN	Amazon.de	Amazon.de	Brass Candle Holder	CANDLE-BRASS-18-4	B0SYN003704	unshipped	3	EUR	74.97	14.24	0.00	0.00	0.00	0.00	Cologne	DE
112-7858601-010038	M-10038	2026-01-11T12:18:00.000Z	shipped	AFN	Amazon.de	Amazon.de	Organic Cotton Sheet Set	SHEET-COTTON-61-1	B0SYN003801	shipped	1	EUR	89.26	16.96	8.08	1.54	0.00	0.00	Dublin	IE
112-7858601-010038	M-10038	2026-01-11T12:18:00.000Z	shipped	AFN	Amazon.de	Amazon.de	Linen Lamp Shade	SHADE-LINEN-90-2	B0SYN003802	shipped	2	EUR	61.88	11.76	0.00	0.00	1.06	0.00	Dublin	IE
112-7236936-010039	M-10039	2026-02-15T08:02:00.000Z	shipped	AFN	Amazon.de	Amazon.de	Linen Lamp Shade	SHADE-LINEN-96-1	B0SYN003901	shipped	4	CHF	141.88	11.49	9.05	0.73	9.15	0.00	Zurich	CH
112-7236936-010039	M-10039	2026-02-15T08:02:00.000Z	shipped	AFN	Amazon.de	Amazon.de	Ceramic Pour-Over Set	POUR-CERAMIC-12-2	B0SYN003902	shipped	3	CHF	119.13	9.65	0.00	0.00	6.50	0.00	Zurich	CH
112-7236936-010039	M-10039	2026-02-15T08:02:00.000Z	shipped	AFN	Amazon.de	Amazon.de	Serving Bowl	BOWL-SERVE-12-3	B0SYN003903	shipped	2	CHF	38.16	3.09	0.00	0.00	0.00	0.00	Zurich	CH
112-7236936-010039	M-10039	2026-02-15T08:02:00.000Z	shipped	AFN	Amazon.de	Amazon.de	Steel Wall Hook	HOOK-STEEL-76-4	B0SYN003904	shipped	3	CHF	41.28	3.34	0.00	0.00	0.00	0.00	Zurich	CH
112-7425462-010040	M-10040	2026-02-04T14:32:00.000Z	shipped	AFN	Amazon.de	Amazon.de	Ceramic Pour-Over Set	POUR-CERAMIC-22-1	B0SYN004001	shipped	1	CHF	44.35	3.59	5.95	0.48	0.00	0.00	Zurich	CH
112-7425462-010040	M-10040	2026-02-04T14:32:00.000Z	shipped	AFN	Amazon.de	Amazon.de	Wool Cushion Cover	CUSHION-WOOL-33-2	B0SYN004002	shipped	3	CHF	104.31	8.45	0.00	0.00	0.00	0.00	Zurich	CH
112-4628492-010041	M-10041	2026-04-22T21:04:00.000Z	pending	AFN	Amazon.de	Amazon.de	Recycled Wool Blanket	BLANKET-WOOL-22-1	B0SYN004101	unshipped	1	EUR	70.46	13.39	8.13	1.54	0.00	0.00	Munich	DE
112-4628492-010041	M-10041	2026-04-22T21:04:00.000Z	pending	AFN	Amazon.de	Amazon.de	Glass Storage Jar	JAR-GLASS-28-2	B0SYN004102	unshipped	3	EUR	66.12	12.56	0.00	0.00	0.00	0.00	Munich	DE
112-4628492-010041	M-10041	2026-04-22T21:04:00.000Z	pending	AFN	Amazon.de	Amazon.de	Ceramic Pour-Over Set	POUR-CERAMIC-79-3	B0SYN004103	unshipped	1	EUR	37.98	7.22	0.00	0.00	0.00	0.00	Munich	DE
112-8925026-010042	M-10042	2026-03-02T12:42:00.000Z	unshipped	AFN	Amazon.de	Amazon.de	Bamboo Bath Towel	TOWEL-BAMBOO-27-1	B0SYN004201	unshipped	1	CZK	23.84	5.01	2.63	0.55	0.00	0.00	Prague	CZ
112-8925026-010042	M-10042	2026-03-02T12:42:00.000Z	unshipped	AFN	Amazon.de	Amazon.de	Walnut Desk Organizer	DESK-WALNUT-20-2	B0SYN004202	unshipped	3	CZK	141.36	29.69	0.00	0.00	1.19	0.00	Prague	CZ
112-3492395-010043	M-10043	2026-04-10T11:02:00.000Z	pending	AFN	Amazon.de	Amazon.de	Steel Wall Hook	HOOK-STEEL-87-1	B0SYN004301	unshipped	2	EUR	35.90	6.82	2.37	0.45	0.00	0.00	Milan	IT
112-1556417-010044	M-10044	2026-02-11T20:06:00.000Z	shipped	AFN	Amazon.de	Amazon.de	Brass Candle Holder	CANDLE-BRASS-60-1	B0SYN004401	shipped	2	EUR	32.40	6.16	0.15	0.03	0.00	0.00	Milan	IT
112-1245854-010045	M-10045	2026-02-01T07:12:00.000Z	pending	MFN	Amazon.de	Amazon.de	Stoneware Plate	PLATE-STONE-44-1	B0SYN004501	unshipped	4	USD	167.44	13.81	3.89	0.32	0.00	0.00	Austin	US
112-1245854-010045	M-10045	2026-02-01T07:12:00.000Z	pending	MFN	Amazon.de	Amazon.de	Cashmere Throw	THROW-CASH-67-2	B0SYN004502	unshipped	1	USD	74.09	6.11	0.00	0.00	0.00	0.00	Austin	US
112-1245854-010045	M-10045	2026-02-01T07:12:00.000Z	pending	MFN	Amazon.de	Amazon.de	Organic Cotton Sheet Set	SHEET-COTTON-86-3	B0SYN004503	unshipped	1	USD	96.63	7.97	0.00	0.00	0.00	0.00	Austin	US
112-5541637-010046	M-10046	2026-02-21T07:05:00.000Z	shipped	AFN	Amazon.de	Amazon.de	Stoneware Plate	PLATE-STONE-76-1	B0SYN004601	shipped	3	EUR	125.91	23.92	5.73	1.09	0.00	0.00	Vienna	AT
112-4095635-010047	M-10047	2026-01-09T12:12:00.000Z	shipped	AFN	Amazon.de	Amazon.de	Serving Bowl	BOWL-SERVE-34-1	B0SYN004701	shipped	4	EUR	114.20	21.70	4.95	0.94	0.00	0.00	Vienna	AT
112-4095635-010047	M-10047	2026-01-09T12:12:00.000Z	shipped	AFN	Amazon.de	Amazon.de	Recycled Wool Blanket	BLANKET-WOOL-89-2	B0SYN004702	shipped	1	EUR	67.75	12.87	0.00	0.00	7.50	0.00	Vienna	AT
112-7665292-010048	M-10048	2026-02-02T07:50:00.000Z	unshipped	AFN	Amazon.de	Amazon.de	Serving Bowl	BOWL-SERVE-50-1	B0SYN004801	unshipped	1	EUR	25.74	4.89	8.75	1.66	0.00	0.00	Milan	IT
112-7665292-010048	M-10048	2026-02-02T07:50:00.000Z	unshipped	AFN	Amazon.de	Amazon.de	Stoneware Plate	PLATE-STONE-48-2	B0SYN004802	unshipped	3	EUR	93.66	17.80	0.00	0.00	9.84	0.00	Milan	IT
112-7665292-010048	M-10048	2026-02-02T07:50:00.000Z	unshipped	AFN	Amazon.de	Amazon.de	Serving Bowl	BOWL-SERVE-95-3	B0SYN004803	unshipped	4	EUR	97.08	18.45	0.00	0.00	0.00	0.00	Milan	IT
112-7665292-010048	M-10048	2026-02-02T07:50:00.000Z	unshipped	AFN	Amazon.de	Amazon.de	Brass Candle Holder	CANDLE-BRASS-21-4	B0SYN004804	unshipped	3	EUR	81.75	15.53	0.00	0.00	0.00	0.00	Milan	IT
112-9206004-010049	M-10049	2026-04-19T12:26:00.000Z	shipped	MFN	Amazon.de	Amazon.de	Cashmere Throw	THROW-CASH-95-1	B0SYN004901	shipped	3	EUR	246.45	46.83	6.34	1.20	6.96	0.00	Milan	IT
112-9206004-010049	M-10049	2026-04-19T12:26:00.000Z	shipped	MFN	Amazon.de	Amazon.de	Linen Lamp Shade	SHADE-LINEN-40-2	B0SYN004902	shipped	1	EUR	34.12	6.48	0.00	0.00	0.00	0.00	Milan	IT
112-9206004-010049	M-10049	2026-04-19T12:26:00.000Z	shipped	MFN	Amazon.de	Amazon.de	Organic Cotton Sheet Set	SHEET-COTTON-45-3	B0SYN004903	shipped	1	EUR	86.52	16.44	0.00	0.00	0.00	0.00	Milan	IT
112-1830199-010050	M-10050	2026-01-29T20:25:00.000Z	shipped	AFN	Amazon.co.uk	Amazon.co.uk	Stoneware Plate	PLATE-STONE-70-1	B0SYN005001	shipped	2	GBP	83.76	16.75	7.12	1.42	0.00	0.00	Manchester	GB
112-1366360-010051	M-10051	2026-02-03T17:32:00.000Z	shipped	MFN	Amazon.de	Amazon.de	Ceramic Pour-Over Set	POUR-CERAMIC-85-1	B0SYN005101	shipped	2	CZK	88.08	18.50	6.73	1.41	1.67	0.00	Prague	CZ
112-1366360-010051	M-10051	2026-02-03T17:32:00.000Z	shipped	MFN	Amazon.de	Amazon.de	Glass Storage Jar	JAR-GLASS-91-2	B0SYN005102	shipped	3	CZK	44.04	9.25	0.00	0.00	0.00	0.00	Prague	CZ
112-1366360-010051	M-10051	2026-02-03T17:32:00.000Z	shipped	MFN	Amazon.de	Amazon.de	Enamel Mixing Bowl	BOWL-ENAMEL-41-3	B0SYN005103	shipped	4	CZK	123.16	25.86	0.00	0.00	0.00	0.00	Prague	CZ
112-1366360-010051	M-10051	2026-02-03T17:32:00.000Z	shipped	MFN	Amazon.de	Amazon.de	Oak Serving Tray	TRAY-OAK-95-4	B0SYN005104	shipped	1	CZK	59.27	12.45	0.00	0.00	0.00	0.00	Prague	CZ
112-2437142-010052	M-10052	2026-01-15T21:51:00.000Z	pending	AFN	Amazon.de	Amazon.de	Ceramic Pour-Over Set	POUR-CERAMIC-43-1	B0SYN005201	unshipped	1	EUR	48.94	9.30	6.86	1.30	0.00	0.00	Berlin	DE
112-2437142-010052	M-10052	2026-01-15T21:51:00.000Z	pending	AFN	Amazon.de	Amazon.de	Oak Serving Tray	TRAY-OAK-50-2	B0SYN005202	unshipped	1	EUR	60.13	11.42	0.00	0.00	0.00	0.00	Berlin	DE
112-2437142-010052	M-10052	2026-01-15T21:51:00.000Z	pending	AFN	Amazon.de	Amazon.de	Bamboo Bath Towel	TOWEL-BAMBOO-60-3	B0SYN005203	unshipped	3	EUR	78.15	14.85	0.00	0.00	0.00	0.00	Berlin	DE
112-2437142-010052	M-10052	2026-01-15T21:51:00.000Z	pending	AFN	Amazon.de	Amazon.de	Recycled Wool Blanket	BLANKET-WOOL-82-4	B0SYN005204	unshipped	3	EUR	224.70	42.69	0.00	0.00	0.00	0.00	Berlin	DE
112-1522909-010053	M-10053	2026-04-02T14:51:00.000Z	shipped	MFN	Amazon.de	Amazon.de	Bamboo Bath Towel	TOWEL-BAMBOO-59-1	B0SYN005301	shipped	2	EUR	49.82	9.47	3.62	0.69	0.00	0.00	Dublin	IE
112-1522909-010053	M-10053	2026-04-02T14:51:00.000Z	shipped	MFN	Amazon.de	Amazon.de	Wool Cushion Cover	CUSHION-WOOL-15-2	B0SYN005302	shipped	3	EUR	113.22	21.51	0.00	0.00	0.00	0.00	Dublin	IE
112-3797160-010054	M-10054	2026-02-23T18:48:00.000Z	unshipped	MFN	Amazon.de	Amazon.de	Oak Serving Tray	TRAY-OAK-82-1	B0SYN005401	unshipped	2	CZK	143.38	30.11	4.18	0.88	0.00	0.00	Prague	CZ
112-3797160-010054	M-10054	2026-02-23T18:48:00.000Z	unshipped	MFN	Amazon.de	Amazon.de	Walnut Desk Organizer	DESK-WALNUT-10-2	B0SYN005402	unshipped	4	CZK	176.88	37.14	0.00	0.00	0.00	0.00	Prague	CZ
112-3797160-010054	M-10054	2026-02-23T18:48:00.000Z	unshipped	MFN	Amazon.de	Amazon.de	Bamboo Bath Towel	TOWEL-BAMBOO-32-3	B0SYN005403	unshipped	2	CZK	54.94	11.54	0.00	0.00	0.00	0.00	Prague	CZ
112-3797160-010054	M-10054	2026-02-23T18:48:00.000Z	unshipped	MFN	Amazon.de	Amazon.de	Linen Lamp Shade	SHADE-LINEN-52-4	B0SYN005404	unshipped	3	CZK	95.91	20.14	0.00	0.00	0.00	0.00	Prague	CZ
112-7771102-010055	M-10055	2026-02-22T13:01:00.000Z	shipped	AFN	Amazon.de	Amazon.de	Steel Wall Hook	HOOK-STEEL-58-1	B0SYN005501	shipped	4	EUR	48.40	9.20	1.45	0.28	3.51	0.00	Vienna	AT
112-7771102-010055	M-10055	2026-02-22T13:01:00.000Z	shipped	AFN	Amazon.de	Amazon.de	Cashmere Throw	THROW-CASH-32-2	B0SYN005502	shipped	3	EUR	238.02	45.22	0.00	0.00	0.00	0.00	Vienna	AT
112-7771102-010055	M-10055	2026-02-22T13:01:00.000Z	shipped	AFN	Amazon.de	Amazon.de	Enamel Mixing Bowl	BOWL-ENAMEL-24-3	B0SYN005503	shipped	1	EUR	37.83	7.19	0.00	0.00	6.90	0.00	Vienna	AT
112-7771102-010055	M-10055	2026-02-22T13:01:00.000Z	shipped	AFN	Amazon.de	Amazon.de	Serving Bowl	BOWL-SERVE-22-4	B0SYN005504	shipped	2	EUR	37.90	7.20	0.00	0.00	0.00	0.00	Vienna	AT
112-8048048-010056	M-10056	2026-01-11T11:55:00.000Z	unshipped	MFN	Amazon.de	Amazon.de	Glass Storage Jar	JAR-GLASS-80-1	B0SYN005601	unshipped	4	EUR	47.24	8.98	6.99	1.33	4.54	0.00	Berlin	DE
112-8048048-010056	M-10056	2026-01-11T11:55:00.000Z	unshipped	MFN	Amazon.de	Amazon.de	Organic Cotton Sheet Set	SHEET-COTTON-70-2	B0SYN005602	unshipped	1	EUR	84.91	16.13	0.00	0.00	8.97	0.00	Berlin	DE
112-8048048-010056	M-10056	2026-01-11T11:55:00.000Z	unshipped	MFN	Amazon.de	Amazon.de	Brass Candle Holder	CANDLE-BRASS-60-3	B0SYN005603	unshipped	4	EUR	98.24	18.67	0.00	0.00	0.00	0.00	Berlin	DE
112-7473047-010057	M-10057	2026-02-07T17:05:00.000Z	shipped	MFN	Amazon.co.uk	Amazon.co.uk	Oak Serving Tray	TRAY-OAK-25-1	B0SYN005701	shipped	4	GBP	269.04	53.81	0.41	0.08	0.00	0.00	Manchester	GB
112-7473047-010057	M-10057	2026-02-07T17:05:00.000Z	shipped	MFN	Amazon.co.uk	Amazon.co.uk	Glass Storage Jar	JAR-GLASS-06-2	B0SYN005702	shipped	2	GBP	23.16	4.63	0.00	0.00	0.00	0.00	Manchester	GB
112-4741973-010058	M-10058	2026-03-27T20:50:00.000Z	unshipped	MFN	Amazon.de	Amazon.de	Recycled Wool Blanket	BLANKET-WOOL-36-1	B0SYN005801	unshipped	3	CZK	223.29	46.89	4.59	0.96	5.82	0.00	Prague	CZ
112-4741973-010058	M-10058	2026-03-27T20:50:00.000Z	unshipped	MFN	Amazon.de	Amazon.de	Organic Cotton Sheet Set	SHEET-COTTON-17-2	B0SYN005802	unshipped	2	CZK	193.16	40.56	0.00	0.00	0.00	0.00	Prague	CZ
112-4741973-010058	M-10058	2026-03-27T20:50:00.000Z	unshipped	MFN	Amazon.de	Amazon.de	Stoneware Plate	PLATE-STONE-67-3	B0SYN005803	unshipped	3	CZK	121.41	25.50	0.00	0.00	0.00	0.00	Prague	CZ
112-3855367-010059	M-10059	2026-02-22T16:20:00.000Z	pending	AFN	Amazon.co.uk	Amazon.co.uk	Serving Bowl	BOWL-SERVE-69-1	B0SYN005901	unshipped	2	GBP	50.32	10.06	5.09	1.02	0.00	0.00	London	GB
112-3855367-010059	M-10059	2026-02-22T16:20:00.000Z	pending	AFN	Amazon.co.uk	Amazon.co.uk	Oak Serving Tray	TRAY-OAK-68-2	B0SYN005902	unshipped	1	GBP	62.86	12.57	0.00	0.00	3.87	0.00	London	GB
112-3855367-010059	M-10059	2026-02-22T16:20:00.000Z	pending	AFN	Amazon.co.uk	Amazon.co.uk	Recycled Wool Blanket	BLANKET-WOOL-09-3	B0SYN005903	unshipped	1	GBP	75.84	15.17	0.00	0.00	0.00	0.00	London	GB
112-7112418-010060	M-10060	2026-02-23T11:56:00.000Z	shipped	MFN	Amazon.de	Amazon.de	Brass Candle Holder	CANDLE-BRASS-67-1	B0SYN006001	shipped	1	EUR	21.29	4.05	7.80	1.48	1.38	0.00	Dublin	IE
112-4015683-010061	M-10061	2026-01-13T07:49:00.000Z	pending	MFN	Amazon.de	Amazon.de	Organic Cotton Sheet Set	SHEET-COTTON-53-1	B0SYN006101	unshipped	1	CHF	88.63	7.18	1.94	0.16	0.00	0.00	Zurich	CH
112-4015683-010061	M-10061	2026-01-13T07:49:00.000Z	pending	MFN	Amazon.de	Amazon.de	Bamboo Bath Towel	TOWEL-BAMBOO-17-2	B0SYN006102	unshipped	1	CHF	29.70	2.41	0.00	0.00	0.00	0.00	Zurich	CH
112-4015683-010061	M-10061	2026-01-13T07:49:00.000Z	pending	MFN	Amazon.de	Amazon.de	Bamboo Bath Towel	TOWEL-BAMBOO-24-3	B0SYN006103	unshipped	4	CHF	95.68	7.75	0.00	0.00	0.00	0.00	Zurich	CH
112-4015683-010061	M-10061	2026-01-13T07:49:00.000Z	pending	MFN	Amazon.de	Amazon.de	Stoneware Plate	PLATE-STONE-20-4	B0SYN006104	unshipped	3	CHF	98.91	8.01	0.00	0.00	0.00	0.00	Zurich	CH
112-9178341-010062	M-10062	2026-03-26T10:01:00.000Z	unshipped	MFN	Amazon.de	Amazon.de	Walnut Desk Organizer	DESK-WALNUT-23-1	B0SYN006201	unshipped	3	EUR	136.23	25.88	8.04	1.53	11.99	0.00	Dublin	IE
112-9178341-010062	M-10062	2026-03-26T10:01:00.000Z	unshipped	MFN	Amazon.de	Amazon.de	Oak Serving Tray	TRAY-OAK-15-2	B0SYN006202	unshipped	4	EUR	250.40	47.58	0.00	0.00	0.00	0.00	Dublin	IE
112-1769425-010063	M-10063	2026-04-29T17:27:00.000Z	unshipped	AFN	Amazon.de	Amazon.de	Oak Serving Tray	TRAY-OAK-89-1	B0SYN006301	unshipped	2	EUR	135.48	25.74	5.38	1.02	0.00	0.00	Vienna	AT
112-1769425-010063	M-10063	2026-04-29T17:27:00.000Z	unshipped	AFN	Amazon.de	Amazon.de	Serving Bowl	BOWL-SERVE-38-2	B0SYN006302	unshipped	3	EUR	80.46	15.29	0.00	0.00	6.29	0.00	Vienna	AT
112-1769425-010063	M-10063	2026-04-29T17:27:00.000Z	unshipped	AFN	Amazon.de	Amazon.de	Matte Table Lamp	LAMP-MATTE-79-3	B0SYN006303	unshipped	4	EUR	237.68	45.16	0.00	0.00	0.00	0.00	Vienna	AT
112-5244578-010064	M-10064	2026-02-10T10:31:00.000Z	shipped	MFN	Amazon.co.uk	Amazon.co.uk	Linen Lamp Shade	SHADE-LINEN-41-1	B0SYN006401	shipped	1	GBP	24.86	4.97	7.40	1.48	0.00	0.00	London	GB
112-5244578-010064	M-10064	2026-02-10T10:31:00.000Z	shipped	MFN	Amazon.co.uk	Amazon.co.uk	Wool Cushion Cover	CUSHION-WOOL-82-2	B0SYN006402	shipped	4	GBP	161.48	32.30	0.00	0.00	0.00	0.00	London	GB
112-5244578-010064	M-10064	2026-02-10T10:31:00.000Z	shipped	MFN	Amazon.co.uk	Amazon.co.uk	Ceramic Pour-Over Set	POUR-CERAMIC-55-3	B0SYN006403	shipped	4	GBP	161.08	32.22	0.00	0.00	0.00	0.00	London	GB
112-7963349-010065	M-10065	2026-04-24T10:55:00.000Z	shipped	AFN	Amazon.de	Amazon.de	Serving Bowl	BOWL-SERVE-39-1	B0SYN006501	shipped	3	EUR	67.98	12.92	3.61	0.69	5.60	0.00	Vienna	AT
112-7963349-010065	M-10065	2026-04-24T10:55:00.000Z	shipped	AFN	Amazon.de	Amazon.de	Oak Serving Tray	TRAY-OAK-82-2	B0SYN006502	shipped	2	EUR	133.10	25.29	0.00	0.00	0.00	0.00	Vienna	AT
112-7963349-010065	M-10065	2026-04-24T10:55:00.000Z	shipped	AFN	Amazon.de	Amazon.de	Ceramic Pour-Over Set	POUR-CERAMIC-10-3	B0SYN006503	shipped	3	EUR	132.33	25.14	0.00	0.00	0.00	0.00	Vienna	AT
112-7963349-010065	M-10065	2026-04-24T10:55:00.000Z	shipped	AFN	Amazon.de	Amazon.de	Serving Bowl	BOWL-SERVE-52-4	B0SYN006504	shipped	3	EUR	58.71	11.15	0.00	0.00	0.00	0.00	Vienna	AT
112-3562655-010066	M-10066	2026-03-08T16:56:00.000Z	unshipped	AFN	Amazon.de	Amazon.de	Oak Serving Tray	TRAY-OAK-92-1	B0SYN006601	unshipped	3	EUR	188.64	35.84	1.49	0.28	0.00	0.00	Munich	DE
112-3562655-010066	M-10066	2026-03-08T16:56:00.000Z	unshipped	AFN	Amazon.de	Amazon.de	Cashmere Throw	THROW-CASH-25-2	B0SYN006602	unshipped	1	EUR	77.26	14.68	0.00	0.00	0.00	0.00	Munich	DE
112-8659901-010067	M-10067	2026-02-10T17:40:00.000Z	pending	MFN	Amazon.de	Amazon.de	Steel Wall Hook	HOOK-STEEL-16-1	B0SYN006701	unshipped	2	EUR	27.78	5.28	2.71	0.51	0.00	0.00	Dublin	IE
112-9903756-010068	M-10068	2026-04-12T12:56:00.000Z	unshipped	MFN	Amazon.de	Amazon.de	Oak Serving Tray	TRAY-OAK-95-1	B0SYN006801	unshipped	1	EUR	62.43	11.86	9.18	1.74	8.19	0.00	Milan	IT
112-9903756-010068	M-10068	2026-04-12T12:56:00.000Z	unshipped	MFN	Amazon.de	Amazon.de	Recycled Wool Blanket	BLANKET-WOOL-25-2	B0SYN006802	unshipped	4	EUR	282.44	53.66	0.00	0.00	5.69	0.00	Milan	IT
112-5533049-010069	M-10069	2026-02-14T14:06:00.000Z	unshipped	MFN	Amazon.de	Amazon.de	Matte Table Lamp	LAMP-MATTE-38-1	B0SYN006901	unshipped	2	EUR	99.24	18.86	7.74	1.47	0.00	0.00	Cologne	DE
112-2471737-010070	M-10070	2026-01-03T20:35:00.000Z	unshipped	AFN	Amazon.de	Amazon.de	Enamel Mixing Bowl	BOWL-ENAMEL-46-1	B0SYN007001	unshipped	1	EUR	31.84	6.05	0.09	0.02	0.00	0.00	Cologne	DE
112-2471737-010070	M-10070	2026-01-03T20:35:00.000Z	unshipped	AFN	Amazon.de	Amazon.de	Linen Lamp Shade	SHADE-LINEN-76-2	B0SYN007002	unshipped	4	EUR	116.04	22.05	0.00	0.00	0.00	0.00	Cologne	DE
112-2471737-010070	M-10070	2026-01-03T20:35:00.000Z	unshipped	AFN	Amazon.de	Amazon.de	Wool Cushion Cover	CUSHION-WOOL-22-3	B0SYN007003	unshipped	4	EUR	131.96	25.07	0.00	0.00	0.00	0.00	Cologne	DE
112-5793017-010071	M-10071	2026-01-07T10:20:00.000Z	unshipped	AFN	Amazon.de	Amazon.de	Organic Cotton Sheet Set	SHEET-COTTON-35-1	B0SYN007101	unshipped	1	USD	89.88	7.42	5.48	0.45	0.00	0.00	Austin	US
112-5793017-010071	M-10071	2026-01-07T10:20:00.000Z	unshipped	AFN	Amazon.de	Amazon.de	Wool Cushion Cover	CUSHION-WOOL-47-2	B0SYN007102	unshipped	3	USD	102.03	8.42	0.00	0.00	0.00	0.00	Austin	US
112-5793017-010071	M-10071	2026-01-07T10:20:00.000Z	unshipped	AFN	Amazon.de	Amazon.de	Steel Wall Hook	HOOK-STEEL-59-3	B0SYN007103	unshipped	1	USD	9.08	0.75	0.00	0.00	1.27	0.00	Austin	US
112-5793017-010071	M-10071	2026-01-07T10:20:00.000Z	unshipped	AFN	Amazon.de	Amazon.de	Recycled Wool Blanket	BLANKET-WOOL-54-4	B0SYN007104	unshipped	4	USD	319.84	26.39	0.00	0.00	7.84	0.00	Austin	US
112-8033915-010072	M-10072	2026-03-31T11:30:00.000Z	pending	MFN	Amazon.de	Amazon.de	Linen Lamp Shade	SHADE-LINEN-82-1	B0SYN007201	unshipped	1	EUR	27.80	5.28	5.63	1.07	1.02	0.00	Munich	DE
112-8033915-010072	M-10072	2026-03-31T11:30:00.000Z	pending	MFN	Amazon.de	Amazon.de	Glass Storage Jar	JAR-GLASS-19-2	B0SYN007202	unshipped	1	EUR	18.36	3.49	0.00	0.00	0.00	0.00	Munich	DE
112-8033915-010072	M-10072	2026-03-31T11:30:00.000Z	pending	MFN	Amazon.de	Amazon.de	Steel Wall Hook	HOOK-STEEL-88-3	B0SYN007203	unshipped	2	EUR	35.50	6.75	0.00	0.00	0.00	0.00	Munich	DE
112-8033915-010072	M-10072	2026-03-31T11:30:00.000Z	pending	MFN	Amazon.de	Amazon.de	Steel Wall Hook	HOOK-STEEL-65-4	B0SYN007204	unshipped	4	EUR	45.36	8.62	0.00	0.00	0.00	0.00	Munich	DE
112-8083074-010073	M-10073	2026-02-28T20:00:00.000Z	pending	MFN	Amazon.de	Amazon.de	Matte Table Lamp	LAMP-MATTE-60-1	B0SYN007301	unshipped	2	EUR	119.18	22.64	3.85	0.73	0.00	0.00	Berlin	DE
112-8083074-010073	M-10073	2026-02-28T20:00:00.000Z	pending	MFN	Amazon.de	Amazon.de	Stoneware Plate	PLATE-STONE-13-2	B0SYN007302	unshipped	3	EUR	102.60	19.49	0.00	0.00	0.00	0.00	Berlin	DE
112-8083074-010073	M-10073	2026-02-28T20:00:00.000Z	pending	MFN	Amazon.de	Amazon.de	Cashmere Throw	THROW-CASH-94-3	B0SYN007303	unshipped	4	EUR	347.28	65.98	0.00	0.00	0.00	0.00	Berlin	DE
112-8083074-010073	M-10073	2026-02-28T20:00:00.000Z	pending	MFN	Amazon.de	Amazon.de	Recycled Wool Blanket	BLANKET-WOOL-70-4	B0SYN007304	unshipped	4	EUR	318.60	60.53	0.00	0.00	0.00	0.00	Berlin	DE
112-1601347-010074	M-10074	2026-01-21T15:45:00.000Z	unshipped	AFN	Amazon.co.uk	Amazon.co.uk	Recycled Wool Blanket	BLANKET-WOOL-26-1	B0SYN007401	unshipped	4	GBP	289.24	57.85	4.55	0.91	0.00	0.00	London	GB
112-1601347-010074	M-10074	2026-01-21T15:45:00.000Z	unshipped	AFN	Amazon.co.uk	Amazon.co.uk	Organic Cotton Sheet Set	SHEET-COTTON-54-2	B0SYN007402	unshipped	4	GBP	373.32	74.66	0.00	0.00	2.61	0.00	London	GB
112-1601347-010074	M-10074	2026-01-21T15:45:00.000Z	unshipped	AFN	Amazon.co.uk	Amazon.co.uk	Ceramic Pour-Over Set	POUR-CERAMIC-14-3	B0SYN007403	unshipped	1	GBP	46.83	9.37	0.00	0.00	2.25	0.00	London	GB
112-5874627-010075	M-10075	2026-03-19T10:49:00.000Z	pending	MFN	Amazon.de	Amazon.de	Cashmere Throw	THROW-CASH-94-1	B0SYN007501	unshipped	4	EUR	299.04	56.82	0.32	0.06	0.00	0.00	Milan	IT
112-5874627-010075	M-10075	2026-03-19T10:49:00.000Z	pending	MFN	Amazon.de	Amazon.de	Glass Storage Jar	JAR-GLASS-67-2	B0SYN007502	unshipped	1	EUR	17.66	3.36	0.00	0.00	0.00	0.00	Milan	IT
112-5874627-010075	M-10075	2026-03-19T10:49:00.000Z	pending	MFN	Amazon.de	Amazon.de	Walnut Desk Organizer	DESK-WALNUT-28-3	B0SYN007503	unshipped	2	EUR	86.02	16.34	0.00	0.00	10.00	0.00	Milan	IT
112-8675539-010076	M-10076	2026-01-06T15:35:00.000Z	shipped	AFN	Amazon.co.uk	Amazon.co.uk	Enamel Mixing Bowl	BOWL-ENAMEL-90-1	B0SYN007601	shipped	3	GBP	108.12	21.62	4.29	0.86	0.00	0.00	Manchester	GB
112-8675539-010076	M-10076	2026-01-06T15:35:00.000Z	shipped	AFN	Amazon.co.uk	Amazon.co.uk	Steel Wall Hook	HOOK-STEEL-56-2	B0SYN007602	shipped	3	GBP	30.99	6.20	0.00	0.00	2.88	0.00	Manchester	GB
112-8675539-010076	M-10076	2026-01-06T15:35:00.000Z	shipped	AFN	Amazon.co.uk	Amazon.co.uk	Serving Bowl	BOWL-SERVE-75-3	B0SYN007603	shipped	4	GBP	106.44	21.29	0.00	0.00	0.00	0.00	Manchester	GB
112-8675539-010076	M-10076	2026-01-06T15:35:00.000Z	shipped	AFN	Amazon.co.uk	Amazon.co.uk	Wool Cushion Cover	CUSHION-WOOL-69-4	B0SYN007604	shipped	3	GBP	112.47	22.49	0.00	0.00	0.00	0.00	Manchester	GB
112-8858547-010077	M-10077	2026-01-22T12:44:00.000Z	pending	AFN	Amazon.de	Amazon.de	Walnut Desk Organizer	DESK-WALNUT-29-1	B0SYN007701	unshipped	1	EUR	48.89	9.29	6.36	1.21	0.00	0.00	Milan	IT
112-8858547-010077	M-10077	2026-01-22T12:44:00.000Z	pending	AFN	Amazon.de	Amazon.de	Glass Storage Jar	JAR-GLASS-64-2	B0SYN007702	unshipped	3	EUR	33.12	6.29	0.00	0.00	0.00	0.00	Milan	IT
112-1685344-010078	M-10078	2026-01-21T09:28:00.000Z	unshipped	MFN	Amazon.de	Amazon.de	Walnut Desk Organizer	DESK-WALNUT-53-1	B0SYN007801	unshipped	2	EUR	103.66	19.70	5.17	0.98	0.00	0.00	Munich	DE
112-8109450-010079	M-10079	2026-01-29T14:10:00.000Z	pending	AFN	Amazon.de	Amazon.de	Serving Bowl	BOWL-SERVE-99-1	B0SYN007901	unshipped	1	EUR	29.17	5.54	1.30	0.25	3.41	0.00	Cologne	DE
112-8109450-010079	M-10079	2026-01-29T14:10:00.000Z	pending	AFN	Amazon.de	Amazon.de	Matte Table Lamp	LAMP-MATTE-97-2	B0SYN007902	unshipped	3	EUR	158.82	30.18	0.00	0.00	0.00	0.00	Cologne	DE
112-6468243-010080	M-10080	2026-04-21T11:15:00.000Z	unshipped	MFN	Amazon.co.uk	Amazon.co.uk	Walnut Desk Organizer	DESK-WALNUT-49-1	B0SYN008001	unshipped	1	GBP	49.57	9.91	0.41	0.08	2.86	0.00	London	GB
112-6468243-010080	M-10080	2026-04-21T11:15:00.000Z	unshipped	MFN	Amazon.co.uk	Amazon.co.uk	Wool Cushion Cover	CUSHION-WOOL-89-2	B0SYN008002	unshipped	4	GBP	136.44	27.29	0.00	0.00	4.57	0.00	London	GB
112-6468243-010080	M-10080	2026-04-21T11:15:00.000Z	unshipped	MFN	Amazon.co.uk	Amazon.co.uk	Stoneware Plate	PLATE-STONE-23-3	B0SYN008003	unshipped	4	GBP	125.88	25.18	0.00	0.00	1.60	0.00	London	GB
112-6468243-010080	M-10080	2026-04-21T11:15:00.000Z	unshipped	MFN	Amazon.co.uk	Amazon.co.uk	Linen Lamp Shade	SHADE-LINEN-09-4	B0SYN008004	unshipped	1	GBP	27.33	5.47	0.00	0.00	0.00	0.00	London	GB
112-6442896-010081	M-10081	2026-01-26T11:55:00.000Z	pending	AFN	Amazon.de	Amazon.de	Steel Wall Hook	HOOK-STEEL-20-1	B0SYN008101	unshipped	3	EUR	32.16	6.11	2.17	0.41	5.10	0.00	Hamburg	DE
112-6442896-010081	M-10081	2026-01-26T11:55:00.000Z	pending	AFN	Amazon.de	Amazon.de	Enamel Mixing Bowl	BOWL-ENAMEL-71-2	B0SYN008102	unshipped	3	EUR	104.07	19.77	0.00	0.00	0.00	0.00	Hamburg	DE
112-6442896-010081	M-10081	2026-01-26T11:55:00.000Z	pending	AFN	Amazon.de	Amazon.de	Matte Table Lamp	LAMP-MATTE-95-3	B0SYN008103	unshipped	3	EUR	164.28	31.21	0.00	0.00	0.00	0.00	Hamburg	DE
112-6442896-010081	M-10081	2026-01-26T11:55:00.000Z	pending	AFN	Amazon.de	Amazon.de	Bamboo Bath Towel	TOWEL-BAMBOO-95-4	B0SYN008104	unshipped	4	EUR	123.92	23.54	0.00	0.00	0.00	0.00	Hamburg	DE
112-5449421-010082	M-10082	2026-03-25T08:21:00.000Z	shipped	MFN	Amazon.de	Amazon.de	Stoneware Plate	PLATE-STONE-48-1	B0SYN008201	shipped	1	USD	39.47	3.26	6.43	0.53	0.00	0.00	Austin	US
112-5449421-010082	M-10082	2026-03-25T08:21:00.000Z	shipped	MFN	Amazon.de	Amazon.de	Cashmere Throw	THROW-CASH-80-2	B0SYN008202	shipped	2	USD	162.04	13.37	0.00	0.00	9.81	0.00	Austin	US
112-5449421-010082	M-10082	2026-03-25T08:21:00.000Z	shipped	MFN	Amazon.de	Amazon.de	Stoneware Plate	PLATE-STONE-25-3	B0SYN008203	shipped	3	USD	131.10	10.82	0.00	0.00	0.00	0.00	Austin	US
112-5449421-010082	M-10082	2026-03-25T08:21:00.000Z	shipped	MFN	Amazon.de	Amazon.de	Walnut Desk Organizer	DESK-WALNUT-31-4	B0SYN008204	shipped	1	USD	49.24	4.06	0.00	0.00	0.00	0.00	Austin	US
112-9287338-010083	M-10083	2026-01-15T13:20:00.000Z	unshipped	AFN	Amazon.de	Amazon.de	Stoneware Plate	PLATE-STONE-56-1	B0SYN008301	unshipped	4	EUR	139.80	26.56	0.02	0.00	0.00	0.00	Hamburg	DE
112-9287338-010083	M-10083	2026-01-15T13:20:00.000Z	unshipped	AFN	Amazon.de	Amazon.de	Bamboo Bath Towel	TOWEL-BAMBOO-31-2	B0SYN008302	unshipped	3	EUR	76.14	14.47	0.00	0.00	0.00	0.00	Hamburg	DE
112-9287338-010083	M-10083	2026-01-15T13:20:00.000Z	unshipped	AFN	Amazon.de	Amazon.de	Cashmere Throw	THROW-CASH-10-3	B0SYN008303	unshipped	2	EUR	150.52	28.60	0.00	0.00	0.00	0.00	Hamburg	DE
112-5474384-010084	M-10084	2026-01-12T18:20:00.000Z	pending	AFN	Amazon.de	Amazon.de	Matte Table Lamp	LAMP-MATTE-35-1	B0SYN008401	unshipped	2	EUR	111.36	21.16	3.33	0.63	0.00	0.00	Vienna	AT
112-5474384-010084	M-10084	2026-01-12T18:20:00.000Z	pending	AFN	Amazon.de	Amazon.de	Recycled Wool Blanket	BLANKET-WOOL-10-2	B0SYN008402	unshipped	2	EUR	146.16	27.77	0.00	0.00	0.00	0.00	Vienna	AT
112-5474384-010084	M-10084	2026-01-12T18:20:00.000Z	pending	AFN	Amazon.de	Amazon.de	Matte Table Lamp	LAMP-MATTE-10-3	B0SYN008403	unshipped	2	EUR	106.96	20.32	0.00	0.00	0.00	0.00	Vienna	AT
112-8885044-010085	M-10085	2026-04-18T10:45:00.000Z	unshipped	AFN	Amazon.de	Amazon.de	Linen Lamp Shade	SHADE-LINEN-79-1	B0SYN008501	unshipped	2	EUR	52.28	9.93	2.99	0.57	0.00	0.00	Munich	DE
112-8885044-010085	M-10085	2026-04-18T10:45:00.000Z	unshipped	AFN	Amazon.de	Amazon.de	Linen Lamp Shade	SHADE-LINEN-68-2	B0SYN008502	unshipped	4	EUR	105.60	20.06	0.00	0.00	0.00	0.00	Munich	DE
112-8885044-010085	M-10085	2026-04-18T10:45:00.000Z	unshipped	AFN	Amazon.de	Amazon.de	Cashmere Throw	THROW-CASH-15-3	B0SYN008503	unshipped	2	EUR	166.52	31.64	0.00	0.00	10.30	0.00	Munich	DE
112-8885044-010085	M-10085	2026-04-18T10:45:00.000Z	unshipped	AFN	Amazon.de	Amazon.de	Wool Cushion Cover	CUSHION-WOOL-22-4	B0SYN008504	unshipped	2	EUR	78.22	14.86	0.00	0.00	0.00	0.00	Munich	DE
112-3114401-010086	M-10086	2026-03-21T12:00:00.000Z	shipped	AFN	Amazon.de	Amazon.de	Steel Wall Hook	HOOK-STEEL-48-1	B0SYN008601	shipped	4	EUR	36.32	6.90	5.46	1.04	0.00	0.00	Berlin	DE
112-3114401-010086	M-10086	2026-03-21T12:00:00.000Z	shipped	AFN	Amazon.de	Amazon.de	Enamel Mixing Bowl	BOWL-ENAMEL-79-2	B0SYN008602	shipped	3	EUR	114.63	21.78	0.00	0.00	0.00	0.00	Berlin	DE
112-3114401-010086	M-10086	2026-03-21T12:00:00.000Z	shipped	AFN	Amazon.de	Amazon.de	Brass Candle Holder	CANDLE-BRASS-19-3	B0SYN008603	shipped	3	EUR	70.59	13.41	0.00	0.00	0.00	0.00	Berlin	DE
112-3114401-010086	M-10086	2026-03-21T12:00:00.000Z	shipped	AFN	Amazon.de	Amazon.de	Oak Serving Tray	TRAY-OAK-26-4	B0SYN008604	shipped	3	EUR	209.49	39.80	0.00	0.00	8.75	0.00	Berlin	DE
112-1362080-010087	M-10087	2026-03-26T07:15:00.000Z	unshipped	AFN	Amazon.de	Amazon.de	Enamel Mixing Bowl	BOWL-ENAMEL-44-1	B0SYN008701	unshipped	2	EUR	69.78	13.26	8.24	1.57	1.98	0.00	Vienna	AT
112-1362080-010087	M-10087	2026-03-26T07:15:00.000Z	unshipped	AFN	Amazon.de	Amazon.de	Oak Serving Tray	TRAY-OAK-05-2	B0SYN008702	unshipped	4	EUR	285.32	54.21	0.00	0.00	0.00	0.00	Vienna	AT
112-1175880-010088	M-10088	2026-04-14T09:49:00.000Z	shipped	MFN	Amazon.de	Amazon.de	Bamboo Bath Towel	TOWEL-BAMBOO-68-1	B0SYN008801	shipped	1	EUR	23.02	4.37	0.52	0.10	2.42	0.00	Hamburg	DE
112-1175880-010088	M-10088	2026-04-14T09:49:00.000Z	shipped	MFN	Amazon.de	Amazon.de	Ceramic Pour-Over Set	POUR-CERAMIC-97-2	B0SYN008802	shipped	1	EUR	47.64	9.05	0.00	0.00	0.00	0.00	Hamburg	DE
112-4532671-010089	M-10089	2026-03-22T15:43:00.000Z	shipped	AFN	Amazon.de	Amazon.de	Bamboo Bath Towel	TOWEL-BAMBOO-12-1	B0SYN008901	shipped	4	EUR	99.40	18.89	5.14	0.98	0.00	0.00	Berlin	DE
112-4532671-010089	M-10089	2026-03-22T15:43:00.000Z	shipped	AFN	Amazon.de	Amazon.de	Oak Serving Tray	TRAY-OAK-48-2	B0SYN008902	shipped	4	EUR	258.80	49.17	0.00	0.00	0.00	0.00	Berlin	DE
112-4532671-010089	M-10089	2026-03-22T15:43:00.000Z	shipped	AFN	Amazon.de	Amazon.de	Matte Table Lamp	LAMP-MATTE-06-3	B0SYN008903	shipped	2	EUR	105.98	20.14	0.00	0.00	0.00	0.00	Berlin	DE
112-4664908-010090	M-10090	2026-03-07T07:35:00.000Z	pending	AFN	Amazon.de	Amazon.de	Bamboo Bath Towel	TOWEL-BAMBOO-39-1	B0SYN009001	unshipped	4	EUR	105.40	20.03	5.81	1.10	0.00	0.00	Munich	DE
112-4664908-010090	M-10090	2026-03-07T07:35:00.000Z	pending	AFN	Amazon.de	Amazon.de	Enamel Mixing Bowl	BOWL-ENAMEL-51-2	B0SYN009002	unshipped	1	EUR	35.28	6.70	0.00	0.00	5.63	0.00	Munich	DE
112-9733726-010091	M-10091	2026-02-07T13:10:00.000Z	shipped	MFN	Amazon.de	Amazon.de	Recycled Wool Blanket	BLANKET-WOOL-76-1	B0SYN009101	shipped	2	EUR	146.74	27.88	2.34	0.44	0.00	0.00	Hamburg	DE
112-7808519-010092	M-10092	2026-03-10T18:07:00.000Z	shipped	AFN	Amazon.de	Amazon.de	Brass Candle Holder	CANDLE-BRASS-69-1	B0SYN009201	shipped	2	CHF	32.28	2.61	4.76	0.39	0.00	0.00	Zurich	CH
112-2138561-010093	M-10093	2026-03-18T17:33:00.000Z	pending	AFN	Amazon.de	Amazon.de	Cashmere Throw	THROW-CASH-99-1	B0SYN009301	unshipped	3	CZK	223.80	47.00	8.17	1.72	0.00	0.00	Prague	CZ
112-2138561-010093	M-10093	2026-03-18T17:33:00.000Z	pending	AFN	Amazon.de	Amazon.de	Glass Storage Jar	JAR-GLASS-87-2	B0SYN009302	unshipped	1	CZK	22.11	4.64	0.00	0.00	0.00	0.00	Prague	CZ
112-8492377-010094	M-10094	2026-04-24T17:36:00.000Z	pending	AFN	Amazon.de	Amazon.de	Wool Cushion Cover	CUSHION-WOOL-36-1	B0SYN009401	unshipped	4	EUR	121.52	23.09	2.22	0.42	0.00	0.00	Munich	DE
112-8492377-010094	M-10094	2026-04-24T17:36:00.000Z	pending	AFN	Amazon.de	Amazon.de	Cashmere Throw	THROW-CASH-41-2	B0SYN009402	unshipped	2	EUR	162.64	30.90	0.00	0.00	0.00	0.00	Munich	DE
112-8492377-010094	M-10094	2026-04-24T17:36:00.000Z	pending	AFN	Amazon.de	Amazon.de	Matte Table Lamp	LAMP-MATTE-27-3	B0SYN009403	unshipped	1	EUR	53.79	10.22	0.00	0.00	5.77	0.00	Munich	DE
112-8492377-010094	M-10094	2026-04-24T17:36:00.000Z	pending	AFN	Amazon.de	Amazon.de	Enamel Mixing Bowl	BOWL-ENAMEL-88-4	B0SYN009404	unshipped	4	EUR	134.04	25.47	0.00	0.00	7.68	0.00	Munich	DE
112-6158406-010095	M-10095	2026-04-23T15:23:00.000Z	unshipped	MFN	Amazon.co.uk	Amazon.co.uk	Brass Candle Holder	CANDLE-BRASS-35-1	B0SYN009501	unshipped	1	GBP	17.39	3.48	9.45	1.89	0.00	0.00	London	GB
112-6158406-010095	M-10095	2026-04-23T15:23:00.000Z	unshipped	MFN	Amazon.co.uk	Amazon.co.uk	Matte Table Lamp	LAMP-MATTE-54-2	B0SYN009502	unshipped	4	GBP	248.68	49.74	0.00	0.00	0.00	0.00	London	GB
112-5793235-010096	M-10096	2026-01-29T19:36:00.000Z	shipped	AFN	Amazon.de	Amazon.de	Steel Wall Hook	HOOK-STEEL-16-1	B0SYN009601	shipped	3	EUR	41.58	7.90	2.13	0.40	0.00	0.00	Cologne	DE
112-5793235-010096	M-10096	2026-01-29T19:36:00.000Z	shipped	AFN	Amazon.de	Amazon.de	Recycled Wool Blanket	BLANKET-WOOL-54-2	B0SYN009602	shipped	4	EUR	304.00	57.76	0.00	0.00	0.00	0.00	Cologne	DE
112-5793235-010096	M-10096	2026-01-29T19:36:00.000Z	shipped	AFN	Amazon.de	Amazon.de	Stoneware Plate	PLATE-STONE-22-3	B0SYN009603	shipped	2	EUR	66.22	12.58	0.00	0.00	0.00	0.00	Cologne	DE
112-5793235-010096	M-10096	2026-01-29T19:36:00.000Z	shipped	AFN	Amazon.de	Amazon.de	Linen Lamp Shade	SHADE-LINEN-10-4	B0SYN009604	shipped	3	EUR	79.80	15.16	0.00	0.00	0.00	0.00	Cologne	DE
112-7673550-010097	M-10097	2026-02-20T14:09:00.000Z	pending	AFN	Amazon.de	Amazon.de	Steel Wall Hook	HOOK-STEEL-67-1	B0SYN009701	unshipped	4	CHF	68.52	5.55	0.55	0.04	0.00	0.00	Zurich	CH
112-8663054-010098	M-10098	2026-03-30T17:08:00.000Z	shipped	MFN	Amazon.de	Amazon.de	Steel Wall Hook	HOOK-STEEL-19-1	B0SYN009801	shipped	4	EUR	54.60	10.37	0.39	0.07	0.00	0.00	Munich	DE
112-8663054-010098	M-10098	2026-03-30T17:08:00.000Z	shipped	MFN	Amazon.de	Amazon.de	Wool Cushion Cover	CUSHION-WOOL-81-2	B0SYN009802	shipped	1	EUR	34.44	6.54	0.00	0.00	0.00	0.00	Munich	DE
112-8663054-010098	M-10098	2026-03-30T17:08:00.000Z	shipped	MFN	Amazon.de	Amazon.de	Linen Lamp Shade	SHADE-LINEN-94-3	B0SYN009803	shipped	3	EUR	99.33	18.87	0.00	0.00	0.00	0.00	Munich	DE
112-8663054-010098	M-10098	2026-03-30T17:08:00.000Z	shipped	MFN	Amazon.de	Amazon.de	Enamel Mixing Bowl	BOWL-ENAMEL-36-4	B0SYN009804	shipped	3	EUR	94.35	17.93	0.00	0.00	11.37	0.00	Munich	DE
112-5782077-010099	M-10099	2026-03-10T15:21:00.000Z	pending	AFN	Amazon.de	Amazon.de	Matte Table Lamp	LAMP-MATTE-63-1	B0SYN009901	unshipped	3	CZK	184.08	38.66	8.51	1.79	0.00	0.00	Prague	CZ
112-5782077-010099	M-10099	2026-03-10T15:21:00.000Z	pending	AFN	Amazon.de	Amazon.de	Ceramic Pour-Over Set	POUR-CERAMIC-13-2	B0SYN009902	unshipped	3	CZK	147.06	30.88	0.00	0.00	9.25	0.00	Prague	CZ
112-5782077-010099	M-10099	2026-03-10T15:21:00.000Z	pending	AFN	Amazon.de	Amazon.de	Enamel Mixing Bowl	BOWL-ENAMEL-46-3	B0SYN009903	unshipped	4	CZK	155.64	32.68	0.00	0.00	0.00	0.00	Prague	CZ
112-6300989-010100	M-10100	2026-01-06T11:45:00.000Z	unshipped	MFN	Amazon.co.uk	Amazon.co.uk	Serving Bowl	BOWL-SERVE-84-1	B0SYN010001	unshipped	3	GBP	91.14	18.23	8.86	1.77	0.00	0.00	London	GB
112-6300989-010100	M-10100	2026-01-06T11:45:00.000Z	unshipped	MFN	Amazon.co.uk	Amazon.co.uk	Ceramic Pour-Over Set	POUR-CERAMIC-39-2	B0SYN010002	unshipped	4	GBP	176.32	35.26	0.00	0.00	3.45	0.00	London	GB
112-8467448-010101	M-10101	2026-02-24T16:26:00.000Z	pending	AFN	Amazon.de	Amazon.de	Glass Storage Jar	JAR-GLASS-83-1	B0SYN010101	unshipped	3	CZK	55.62	11.68	8.94	1.88	6.45	0.00	Prague	CZ
112-8467448-010101	M-10101	2026-02-24T16:26:00.000Z	pending	AFN	Amazon.de	Amazon.de	Oak Serving Tray	TRAY-OAK-35-2	B0SYN010102	unshipped	4	CZK	281.84	59.19	0.00	0.00	0.00	0.00	Prague	CZ
112-8199166-010102	M-10102	2026-04-08T11:16:00.000Z	pending	MFN	Amazon.co.uk	Amazon.co.uk	Glass Storage Jar	JAR-GLASS-98-1	B0SYN010201	unshipped	3	GBP	43.17	8.63	0.98	0.20	0.00	0.00	London	GB
112-8199166-010102	M-10102	2026-04-08T11:16:00.000Z	pending	MFN	Amazon.co.uk	Amazon.co.uk	Walnut Desk Organizer	DESK-WALNUT-67-2	B0SYN010202	unshipped	4	GBP	182.64	36.53	0.00	0.00	0.00	0.00	London	GB
112-2449821-010103	M-10103	2026-01-22T20:21:00.000Z	pending	AFN	Amazon.co.uk	Amazon.co.uk	Recycled Wool Blanket	BLANKET-WOOL-09-1	B0SYN010301	unshipped	2	GBP	148.46	29.69	4.51	0.90	0.00	0.00	London	GB
112-2449821-010103	M-10103	2026-01-22T20:21:00.000Z	pending	AFN	Amazon.co.uk	Amazon.co.uk	Cashmere Throw	THROW-CASH-22-2	B0SYN010302	unshipped	3	GBP	240.93	48.19	0.00	0.00	0.00	0.00	London	GB
112-8617782-010104	M-10104	2026-01-30T19:01:00.000Z	shipped	MFN	Amazon.de	Amazon.de	Bamboo Bath Towel	TOWEL-BAMBOO-42-1	B0SYN010401	shipped	4	EUR	88.84	16.88	0.94	0.18	0.00	0.00	Hamburg	DE
112-7561136-010105	M-10105	2026-03-06T14:21:00.000Z	unshipped	MFN	Amazon.de	Amazon.de	Linen Lamp Shade	SHADE-LINEN-46-1	B0SYN010501	unshipped	4	EUR	127.00	24.13	2.19	0.42	4.12	0.00	Cologne	DE
112-1775715-010106	M-10106	2026-02-11T13:44:00.000Z	pending	MFN	Amazon.de	Amazon.de	Ceramic Pour-Over Set	POUR-CERAMIC-19-1	B0SYN010601	unshipped	3	EUR	121.68	23.12	6.36	1.21	0.00	0.00	Hamburg	DE
112-1775715-010106	M-10106	2026-02-11T13:44:00.000Z	pending	MFN	Amazon.de	Amazon.de	Matte Table Lamp	LAMP-MATTE-54-2	B0SYN010602	unshipped	1	EUR	59.65	11.33	0.00	0.00	0.00	0.00	Hamburg	DE
112-1775715-010106	M-10106	2026-02-11T13:44:00.000Z	pending	MFN	Amazon.de	Amazon.de	Linen Lamp Shade	SHADE-LINEN-71-3	B0SYN010603	unshipped	1	EUR	25.41	4.83	0.00	0.00	0.00	0.00	Hamburg	DE
112-6886165-010107	M-10107	2026-03-04T16:43:00.000Z	unshipped	AFN	Amazon.de	Amazon.de	Linen Lamp Shade	SHADE-LINEN-57-1	B0SYN010701	unshipped	4	EUR	121.60	23.10	5.47	1.04	0.00	0.00	Vienna	AT
112-6886165-010107	M-10107	2026-03-04T16:43:00.000Z	unshipped	AFN	Amazon.de	Amazon.de	Cashmere Throw	THROW-CASH-87-2	B0SYN010702	unshipped	1	EUR	80.58	15.31	0.00	0.00	0.00	0.00	Vienna	AT
112-6886165-010107	M-10107	2026-03-04T16:43:00.000Z	unshipped	AFN	Amazon.de	Amazon.de	Walnut Desk Organizer	DESK-WALNUT-92-3	B0SYN010703	unshipped	1	EUR	51.28	9.74	0.00	0.00	0.00	0.00	Vienna	AT
112-4745031-010108	M-10108	2026-02-09T16:12:00.000Z	shipped	AFN	Amazon.co.uk	Amazon.co.uk	Stoneware Plate	PLATE-STONE-22-1	B0SYN010801	shipped	2	GBP	86.92	17.38	8.08	1.62	0.00	0.00	London	GB
112-4745031-010108	M-10108	2026-02-09T16:12:00.000Z	shipped	AFN	Amazon.co.uk	Amazon.co.uk	Brass Candle Holder	CANDLE-BRASS-19-2	B0SYN010802	shipped	4	GBP	106.36	21.27	0.00	0.00	0.00	0.00	London	GB
112-4745031-010108	M-10108	2026-02-09T16:12:00.000Z	shipped	AFN	Amazon.co.uk	Amazon.co.uk	Brass Candle Holder	CANDLE-BRASS-34-3	B0SYN010803	shipped	2	GBP	39.14	7.83	0.00	0.00	0.00	0.00	London	GB
112-4492436-010109	M-10109	2026-04-12T09:37:00.000Z	shipped	MFN	Amazon.de	Amazon.de	Ceramic Pour-Over Set	POUR-CERAMIC-50-1	B0SYN010901	shipped	4	EUR	153.68	29.20	9.28	1.76	2.93	0.00	Hamburg	DE
112-4492436-010109	M-10109	2026-04-12T09:37:00.000Z	shipped	MFN	Amazon.de	Amazon.de	Serving Bowl	BOWL-SERVE-19-2	B0SYN010902	shipped	4	EUR	82.12	15.60	0.00	0.00	0.00	0.00	Hamburg	DE
112-4492436-010109	M-10109	2026-04-12T09:37:00.000Z	shipped	MFN	Amazon.de	Amazon.de	Brass Candle Holder	CANDLE-BRASS-92-3	B0SYN010903	shipped	4	EUR	71.20	13.53	0.00	0.00	0.00	0.00	Hamburg	DE
112-4492436-010109	M-10109	2026-04-12T09:37:00.000Z	shipped	MFN	Amazon.de	Amazon.de	Glass Storage Jar	JAR-GLASS-38-4	B0SYN010904	shipped	1	EUR	20.37	3.87	0.00	0.00	0.00	0.00	Hamburg	DE
112-5326504-010110	M-10110	2026-03-13T15:13:00.000Z	unshipped	MFN	Amazon.de	Amazon.de	Glass Storage Jar	JAR-GLASS-82-1	B0SYN011001	unshipped	4	EUR	47.76	9.07	8.33	1.58	0.00	0.00	Milan	IT
112-5326504-010110	M-10110	2026-03-13T15:13:00.000Z	unshipped	MFN	Amazon.de	Amazon.de	Organic Cotton Sheet Set	SHEET-COTTON-76-2	B0SYN011002	unshipped	4	EUR	347.92	66.10	0.00	0.00	0.00	0.00	Milan	IT
112-5326504-010110	M-10110	2026-03-13T15:13:00.000Z	unshipped	MFN	Amazon.de	Amazon.de	Oak Serving Tray	TRAY-OAK-69-3	B0SYN011003	unshipped	1	EUR	59.35	11.28	0.00	0.00	0.00	0.00	Milan	IT
112-5326504-010110	M-10110	2026-03-13T15:13:00.000Z	unshipped	MFN	Amazon.de	Amazon.de	Bamboo Bath Towel	TOWEL-BAMBOO-73-4	B0SYN011004	unshipped	3	EUR	69.84	13.27	0.00	0.00	0.00	0.00	Milan	IT
112-3650514-010111	M-10111	2026-03-24T11:20:00.000Z	pending	AFN	Amazon.de	Amazon.de	Serving Bowl	BOWL-SERVE-90-1	B0SYN011101	unshipped	3	CZK	89.91	18.88	5.75	1.21	9.26	0.00	Prague	CZ
112-2225176-010112	M-10112	2026-04-14T08:48:00.000Z	shipped	AFN	Amazon.co.uk	Amazon.co.uk	Linen Lamp Shade	SHADE-LINEN-23-1	B0SYN011201	shipped	3	GBP	86.88	17.38	3.26	0.65	0.00	0.00	London	GB
112-2225176-010112	M-10112	2026-04-14T08:48:00.000Z	shipped	AFN	Amazon.co.uk	Amazon.co.uk	Linen Lamp Shade	SHADE-LINEN-81-2	B0SYN011202	shipped	4	GBP	143.12	28.62	0.00	0.00	0.00	0.00	London	GB
112-2225176-010112	M-10112	2026-04-14T08:48:00.000Z	shipped	AFN	Amazon.co.uk	Amazon.co.uk	Matte Table Lamp	LAMP-MATTE-07-3	B0SYN011203	shipped	4	GBP	237.96	47.59	0.00	0.00	0.00	0.00	London	GB
112-1359078-010113	M-10113	2026-01-07T07:44:00.000Z	pending	MFN	Amazon.de	Amazon.de	Recycled Wool Blanket	BLANKET-WOOL-21-1	B0SYN011301	unshipped	2	EUR	142.38	27.05	4.33	0.82	0.00	0.00	Dublin	IE
112-1359078-010113	M-10113	2026-01-07T07:44:00.000Z	pending	MFN	Amazon.de	Amazon.de	Stoneware Plate	PLATE-STONE-88-2	B0SYN011302	unshipped	4	EUR	149.24	28.36	0.00	0.00	8.44	0.00	Dublin	IE
112-1722565-010114	M-10114	2026-01-30T11:09:00.000Z	pending	MFN	Amazon.de	Amazon.de	Ceramic Pour-Over Set	POUR-CERAMIC-43-1	B0SYN011401	unshipped	3	CHF	146.40	11.86	2.25	0.18	0.00	0.00	Zurich	CH
112-3549665-010115	M-10115	2026-04-10T21:53:00.000Z	pending	AFN	Amazon.de	Amazon.de	Steel Wall Hook	HOOK-STEEL-28-1	B0SYN011501	unshipped	2	EUR	38.58	7.33	4.24	0.81	0.00	0.00	Berlin	DE
112-3549665-010115	M-10115	2026-04-10T21:53:00.000Z	pending	AFN	Amazon.de	Amazon.de	Recycled Wool Blanket	BLANKET-WOOL-77-2	B0SYN011502	unshipped	4	EUR	282.08	53.60	0.00	0.00	0.00	0.00	Berlin	DE
112-3549665-010115	M-10115	2026-04-10T21:53:00.000Z	pending	AFN	Amazon.de	Amazon.de	Walnut Desk Organizer	DESK-WALNUT-44-3	B0SYN011503	unshipped	4	EUR	190.36	36.17	0.00	0.00	0.00	0.00	Berlin	DE
112-3549665-010115	M-10115	2026-04-10T21:53:00.000Z	pending	AFN	Amazon.de	Amazon.de	Linen Lamp Shade	SHADE-LINEN-34-4	B0SYN011504	unshipped	1	EUR	27.27	5.18	0.00	0.00	0.00	0.00	Berlin	DE
112-3670518-010116	M-10116	2026-01-27T10:20:00.000Z	shipped	AFN	Amazon.de	Amazon.de	Linen Lamp Shade	SHADE-LINEN-05-1	B0SYN011601	shipped	1	CHF	24.00	1.94	3.33	0.27	0.00	0.00	Zurich	CH
112-3670518-010116	M-10116	2026-01-27T10:20:00.000Z	shipped	AFN	Amazon.de	Amazon.de	Organic Cotton Sheet Set	SHEET-COTTON-36-2	B0SYN011602	shipped	2	CHF	188.94	15.30	0.00	0.00	7.33	0.00	Zurich	CH
112-6128661-010117	M-10117	2026-03-01T19:55:00.000Z	unshipped	MFN	Amazon.de	Amazon.de	Enamel Mixing Bowl	BOWL-ENAMEL-40-1	B0SYN011701	unshipped	1	EUR	32.72	6.22	5.08	0.97	0.00	0.00	Berlin	DE
