Marketplace Order ID,Channel,Order Date,Order Status,Payment Status,Fulfillment Status,Currency,Customer Email,Customer Name,Shipping City,Shipping Country,SKU,Product Title,Variant,Quantity,Unit Price,Line Total,Tax,Discount,Shipping
GEN-9101,Amazon.co.uk,2026-04-17,paid,paid,fulfilled,EUR,ava.shah.9101@example.com,Ava Shah,Cologne,DE,BOWL-SERVE-56-1,Serving Bowl,Ivory,4,22.34,89.36,16.98,3.92,7.83
GEN-9101,Amazon.co.uk,2026-04-17,paid,paid,fulfilled,EUR,ava.shah.9101@example.com,Ava Shah,Cologne,DE,BLANKET-WOOL-47-2,Recycled Wool Blanket,Plaid,4,76.95,307.80,58.48,0.00,0.00
GEN-9101,Amazon.co.uk,2026-04-17,paid,paid,fulfilled,EUR,ava.shah.9101@example.com,Ava Shah,Cologne,DE,BLANKET-WOOL-19-3,Recycled Wool Blanket,Plaid,1,74.66,74.66,14.19,0.00,0.00
GEN-9101,Amazon.co.uk,2026-04-17,paid,paid,fulfilled,EUR,ava.shah.9101@example.com,Ava Shah,Cologne,DE,THROW-CASH-76-4,Cashmere Throw,Ivory,2,79.33,158.66,30.15,0.00,0.00
GEN-9102,Agency Sheet,2026-03-31,pending,authorized,unfulfilled,EUR,lina.weber.9102@example.com,Lina Weber,Vienna,AT,LAMP-MATTE-98-1,Matte Table Lamp,Black,4,55.72,222.88,42.35,0.00,4.63
GEN-9102,Agency Sheet,2026-03-31,pending,authorized,unfulfilled,EUR,lina.weber.9102@example.com,Lina Weber,Vienna,AT,JAR-GLASS-32-2,Glass Storage Jar,1L,4,11.82,47.28,8.98,0.00,0.00
GEN-9102,Agency Sheet,2026-03-31,pending,authorized,unfulfilled,EUR,lina.weber.9102@example.com,Lina Weber,Vienna,AT,TRAY-OAK-33-3,Oak Serving Tray,Large,1,60.95,60.95,11.58,0.00,0.00
GEN-9102,Agency Sheet,2026-03-31,pending,authorized,unfulfilled,EUR,lina.weber.9102@example.com,Lina Weber,Vienna,AT,POUR-CERAMIC-87-4,Ceramic Pour-Over Set,White,4,45.73,182.92,34.75,0.00,0.00
GEN-9103,Agency Sheet,2026-01-26,refunded,pending,processing,EUR,leo.martin.9103@example.com,Leo Martin,Munich,DE,SHEET-COTTON-94-1,Organic Cotton Sheet Set,Queen,3,90.41,271.23,51.53,0.00,0.70
GEN-9103,Agency Sheet,2026-01-26,refunded,pending,processing,EUR,leo.martin.9103@example.com,Leo Martin,Munich,DE,PLATE-STONE-39-2,Stoneware Plate,Set of 4,4,31.08,124.32,23.62,0.00,0.00
GEN-9104,Wholesale Portal,2026-02-04,refunded,authorized,shipped,EUR,leo.martin.9104@example.com,Leo Martin,Munich,DE,POUR-CERAMIC-76-1,Ceramic Pour-Over Set,White,4,47.54,190.16,36.13,0.00,7.92
GEN-9104,Wholesale Portal,2026-02-04,refunded,authorized,shipped,EUR,leo.martin.9104@example.com,Leo Martin,Munich,DE,SHEET-COTTON-44-2,Organic Cotton Sheet Set,Queen,3,95.75,287.25,54.58,0.00,0.00
GEN-9104,Wholesale Portal,2026-02-04,refunded,authorized,shipped,EUR,leo.martin.9104@example.com,Leo Martin,Munich,DE,THROW-CASH-02-3,Cashmere Throw,Ivory,1,80.48,80.48,15.29,0.00,0.00
GEN-9104,Wholesale Portal,2026-02-04,refunded,authorized,shipped,EUR,leo.martin.9104@example.com,Leo Martin,Munich,DE,JAR-GLASS-06-4,Glass Storage Jar,1L,2,22.98,45.96,8.73,0.00,0.00
GEN-9105,Retail POS,2026-01-05,refunded,pending,partial,EUR,lina.weber.9105@example.com,Lina Weber,Vienna,AT,LAMP-MATTE-36-1,Matte Table Lamp,Black,4,62.16,248.64,47.24,0.00,1.64
GEN-9105,Retail POS,2026-01-05,refunded,pending,partial,EUR,lina.weber.9105@example.com,Lina Weber,Vienna,AT,LAMP-MATTE-07-2,Matte Table Lamp,Black,3,50.73,152.19,28.92,1.22,0.00
GEN-9106,Retail POS,2026-04-15,pending,pending,processing,CZK,sofia.novak.9106@example.com,Sofia Novak,Prague,CZ,SHADE-LINEN-50-1,Linen Lamp Shade,Natural,2,24.24,48.48,10.18,0.00,1.31
GEN-9106,Retail POS,2026-04-15,pending,pending,processing,CZK,sofia.novak.9106@example.com,Sofia Novak,Prague,CZ,BLANKET-WOOL-36-2,Recycled Wool Blanket,Plaid,4,77.88,311.52,65.42,0.00,0.00
GEN-9106,Retail POS,2026-04-15,pending,pending,processing,CZK,sofia.novak.9106@example.com,Sofia Novak,Prague,CZ,TRAY-OAK-26-3,Oak Serving Tray,Large,1,60.03,60.03,12.61,0.00,0.00
GEN-9107,Wholesale Portal,2026-03-21,pending,paid,fulfilled,GBP,mia.foster.9107@example.com,Mia Foster,London,GB,SHADE-LINEN-24-1,Linen Lamp Shade,Natural,2,26.74,53.48,10.70,0.00,1.31
GEN-9107,Wholesale Portal,2026-03-21,pending,paid,fulfilled,GBP,mia.foster.9107@example.com,Mia Foster,London,GB,TOWEL-BAMBOO-77-2,Bamboo Bath Towel,Sage,2,21.33,42.66,8.53,0.00,0.00
GEN-9108,Wholesale Portal,2026-04-10,refunded,pending,partial,EUR,olivia.reed.9108@example.com,Olivia Reed,Berlin,DE,SHADE-LINEN-17-1,Linen Lamp Shade,Natural,2,29.27,58.54,11.12,0.00,1.20
GEN-9108,Wholesale Portal,2026-04-10,refunded,pending,partial,EUR,olivia.reed.9108@example.com,Olivia Reed,Berlin,DE,LAMP-MATTE-11-2,Matte Table Lamp,Black,2,57.90,115.80,22.00,0.00,0.00
GEN-9109,Marketplace Connect,2026-01-07,paid,paid,partial,EUR,lucas.meyer.9109@example.com,Lucas Meyer,Hamburg,DE,DESK-WALNUT-45-1,Walnut Desk Organizer,Three slot,2,50.30,100.60,19.11,7.44,7.25
GEN-9109,Marketplace Connect,2026-01-07,paid,paid,partial,EUR,lucas.meyer.9109@example.com,Lucas Meyer,Hamburg,DE,BOWL-SERVE-47-2,Serving Bowl,Ivory,4,29.87,119.48,22.70,0.00,0.00
GEN-9110,Retail POS,2026-03-20,paid,paid,processing,EUR,amara.okafor.9110@example.com,Amara Okafor,Dublin,IE,CANDLE-BRASS-18-1,Brass Candle Holder,Tall,1,19.25,19.25,3.66,0.00,4.40
GEN-9110,Retail POS,2026-03-20,paid,paid,processing,EUR,amara.okafor.9110@example.com,Amara Okafor,Dublin,IE,LAMP-MATTE-91-2,Matte Table Lamp,Black,1,52.56,52.56,9.99,0.00,0.00
GEN-9110,Retail POS,2026-03-20,paid,paid,processing,EUR,amara.okafor.9110@example.com,Amara Okafor,Dublin,IE,SHEET-COTTON-16-3,Organic Cotton Sheet Set,Queen,4,87.41,349.64,66.43,0.00,0.00
GEN-9111,Marketplace Connect,2026-01-15,refunded,pending,shipped,EUR,leo.martin.9111@example.com,Leo Martin,Munich,DE,PLATE-STONE-52-1,Stoneware Plate,Set of 4,2,36.17,72.34,13.74,0.00,6.93
GEN-9111,Marketplace Connect,2026-01-15,refunded,pending,shipped,EUR,leo.martin.9111@example.com,Leo Martin,Munich,DE,CANDLE-BRASS-87-2,Brass Candle Holder,Tall,1,24.78,24.78,4.71,1.89,0.00
GEN-9111,Marketplace Connect,2026-01-15,refunded,pending,shipped,EUR,leo.martin.9111@example.com,Leo Martin,Munich,DE,SHADE-LINEN-74-3,Linen Lamp Shade,Natural,2,32.90,65.80,12.50,0.00,0.00
GEN-9112,Amazon.co.uk,2026-03-15,pending,authorized,partial,EUR,lucas.meyer.9112@example.com,Lucas Meyer,Hamburg,DE,SHEET-COTTON-36-1,Organic Cotton Sheet Set,Queen,3,96.30,288.90,54.89,0.00,7.67
GEN-9112,Amazon.co.uk,2026-03-15,pending,authorized,partial,EUR,lucas.meyer.9112@example.com,Lucas Meyer,Hamburg,DE,HOOK-STEEL-55-2,Steel Wall Hook,Matte,3,8.99,26.97,5.12,0.00,0.00
GEN-9112,Amazon.co.uk,2026-03-15,pending,authorized,partial,EUR,lucas.meyer.9112@example.com,Lucas Meyer,Hamburg,DE,BLANKET-WOOL-39-3,Recycled Wool Blanket,Plaid,2,74.23,148.46,28.21,0.00,0.00
GEN-9113,Agency Sheet,2026-02-09,paid,paid,unfulfilled,EUR,emma.rossi.9113@example.com,Emma Rossi,Milan,IT,HOOK-STEEL-67-1,Steel Wall Hook,Matte,1,11.72,11.72,2.23,0.00,8.27
GEN-9113,Agency Sheet,2026-02-09,paid,paid,unfulfilled,EUR,emma.rossi.9113@example.com,Emma Rossi,Milan,IT,BOWL-SERVE-64-2,Serving Bowl,Ivory,2,29.78,59.56,11.32,4.02,0.00
GEN-9114,Agency Sheet,2026-04-17,authorized,paid,partial,GBP,ben.carter.9114@example.com,Ben Carter,Manchester,GB,CUSHION-WOOL-62-1,Wool Cushion Cover,Moss,4,32.78,131.12,26.22,0.00,7.43
GEN-9114,Agency Sheet,2026-04-17,authorized,paid,partial,GBP,ben.carter.9114@example.com,Ben Carter,Manchester,GB,BOWL-ENAMEL-63-2,Enamel Mixing Bowl,Blue,4,34.95,139.80,27.96,9.36,0.00
GEN-9114,Agency Sheet,2026-04-17,authorized,paid,partial,GBP,ben.carter.9114@example.com,Ben Carter,Manchester,GB,SHEET-COTTON-77-3,Organic Cotton Sheet Set,Queen,3,94.26,282.78,56.56,0.00,0.00
GEN-9114,Agency Sheet,2026-04-17,authorized,paid,partial,GBP,ben.carter.9114@example.com,Ben Carter,Manchester,GB,CANDLE-BRASS-42-4,Brass Candle Holder,Tall,2,14.63,29.26,5.85,0.00,0.00
GEN-9115,Amazon.co.uk,2026-03-02,paid,paid,partial,CHF,jonas.keller.9115@example.com,Jonas Keller,Zurich,CH,BLANKET-WOOL-30-1,Recycled Wool Blanket,Plaid,1,67.31,67.31,5.45,0.00,8.75
GEN-9116,Agency Sheet,2026-01-17,authorized,pending,partial,USD,noah.park.9116@example.com,Noah Park,Austin,US,TRAY-OAK-37-1,Oak Serving Tray,Large,2,68.08,136.16,11.23,0.00,0.22
GEN-9116,Agency Sheet,2026-01-17,authorized,pending,partial,USD,noah.park.9116@example.com,Noah Park,Austin,US,BLANKET-WOOL-85-2,Recycled Wool Blanket,Plaid,2,76.61,153.22,12.64,6.53,0.00
GEN-9117,Amazon.co.uk,2026-01-19,refunded,paid,fulfilled,EUR,leo.martin.9117@example.com,Leo Martin,Munich,DE,TOWEL-BAMBOO-67-1,Bamboo Bath Towel,Sage,3,27.52,82.56,15.69,0.00,9.72
GEN-9117,Amazon.co.uk,2026-01-19,refunded,paid,fulfilled,EUR,leo.martin.9117@example.com,Leo Martin,Munich,DE,POUR-CERAMIC-62-2,Ceramic Pour-Over Set,White,1,40.70,40.70,7.73,0.00,0.00
GEN-9117,Amazon.co.uk,2026-01-19,refunded,paid,fulfilled,EUR,leo.martin.9117@example.com,Leo Martin,Munich,DE,JAR-GLASS-46-3,Glass Storage Jar,1L,1,23.85,23.85,4.53,3.44,0.00
GEN-9118,Amazon.de,2026-04-09,paid,paid,shipped,EUR,amara.okafor.9118@example.com,Amara Okafor,Dublin,IE,POUR-CERAMIC-90-1,Ceramic Pour-Over Set,White,3,43.05,129.15,24.54,0.00,6.80
GEN-9118,Amazon.de,2026-04-09,paid,paid,shipped,EUR,amara.okafor.9118@example.com,Amara Okafor,Dublin,IE,TOWEL-BAMBOO-50-2,Bamboo Bath Towel,Sage,3,20.93,62.79,11.93,0.00,0.00
GEN-9119,Retail POS,2026-01-03,pending,authorized,processing,GBP,ben.carter.9119@example.com,Ben Carter,Manchester,GB,TOWEL-BAMBOO-23-1,Bamboo Bath Towel,Sage,2,26.31,52.62,10.52,0.00,7.54
GEN-9119,Retail POS,2026-01-03,pending,authorized,processing,GBP,ben.carter.9119@example.com,Ben Carter,Manchester,GB,LAMP-MATTE-81-2,Matte Table Lamp,Black,3,60.67,182.01,36.40,0.00,0.00
GEN-9119,Retail POS,2026-01-03,pending,authorized,processing,GBP,ben.carter.9119@example.com,Ben Carter,Manchester,GB,JAR-GLASS-48-3,Glass Storage Jar,1L,4,16.41,65.64,13.13,0.00,0.00
GEN-9119,Retail POS,2026-01-03,pending,authorized,processing,GBP,ben.carter.9119@example.com,Ben Carter,Manchester,GB,DESK-WALNUT-45-4,Walnut Desk Organizer,Three slot,4,50.63,202.52,40.50,0.00,0.00
GEN-9120,Wholesale Portal,2026-02-01,refunded,authorized,partial,EUR,olivia.reed.9120@example.com,Olivia Reed,Berlin,DE,PLATE-STONE-43-1,Stoneware Plate,Set of 4,4,32.88,131.52,24.99,0.00,5.30
GEN-9121,Amazon.co.uk,2026-04-04,paid,paid,unfulfilled,GBP,ben.carter.9121@example.com,Ben Carter,Manchester,GB,PLATE-STONE-89-1,Stoneware Plate,Set of 4,2,42.79,85.58,17.12,4.87,9.77
GEN-9121,Amazon.co.uk,2026-04-04,paid,paid,unfulfilled,GBP,ben.carter.9121@example.com,Ben Carter,Manchester,GB,THROW-CASH-70-2,Cashmere Throw,Ivory,3,77.20,231.60,46.32,0.00,0.00
GEN-9121,Amazon.co.uk,2026-04-04,paid,paid,unfulfilled,GBP,ben.carter.9121@example.com,Ben Carter,Manchester,GB,TRAY-OAK-91-3,Oak Serving Tray,Large,3,60.14,180.42,36.08,0.00,0.00
GEN-9122,Amazon.co.uk,2026-03-09,paid,paid,shipped,CZK,sofia.novak.9122@example.com,Sofia Novak,Prague,CZ,SHADE-LINEN-14-1,Linen Lamp Shade,Natural,1,26.21,26.21,5.50,0.00,7.34
GEN-9123,Amazon.co.uk,2026-01-06,refunded,pending,unfulfilled,EUR,olivia.reed.9123@example.com,Olivia Reed,Berlin,DE,SHEET-COTTON-04-1,Organic Cotton Sheet Set,Queen,1,97.25,97.25,18.48,0.00,8.01
GEN-9123,Amazon.co.uk,2026-01-06,refunded,pending,unfulfilled,EUR,olivia.reed.9123@example.com,Olivia Reed,Berlin,DE,BOWL-SERVE-22-2,Serving Bowl,Ivory,4,20.46,81.84,15.55,0.00,0.00
GEN-9123,Amazon.co.uk,2026-01-06,refunded,pending,unfulfilled,EUR,olivia.reed.9123@example.com,Olivia Reed,Berlin,DE,SHADE-LINEN-17-3,Linen Lamp Shade,Natural,2,23.91,47.82,9.09,0.00,0.00
GEN-9124,Amazon.de,2026-04-06,refunded,pending,processing,EUR,olivia.reed.9124@example.com,Olivia Reed,Berlin,DE,TOWEL-BAMBOO-65-1,Bamboo Bath Towel,Sage,4,30.31,121.24,23.04,0.00,8.89
GEN-9124,Amazon.de,2026-04-06,refunded,pending,processing,EUR,olivia.reed.9124@example.com,Olivia Reed,Berlin,DE,POUR-CERAMIC-25-2,Ceramic Pour-Over Set,White,2,47.98,95.96,18.23,5.86,0.00
GEN-9124,Amazon.de,2026-04-06,refunded,pending,processing,EUR,olivia.reed.9124@example.com,Olivia Reed,Berlin,DE,DESK-WALNUT-17-3,Walnut Desk Organizer,Three slot,4,55.66,222.64,42.30,0.00,0.00
GEN-9125,Wholesale Portal,2026-02-21,paid,paid,unfulfilled,EUR,emma.rossi.9125@example.com,Emma Rossi,Milan,IT,DESK-WALNUT-57-1,Walnut Desk Organizer,Three slot,3,54.22,162.66,30.91,0.00,0.01
GEN-9125,Wholesale Portal,2026-02-21,paid,paid,unfulfilled,EUR,emma.rossi.9125@example.com,Emma Rossi,Milan,IT,BOWL-ENAMEL-58-2,Enamel Mixing Bowl,Blue,4,26.88,107.52,20.43,0.00,0.00
GEN-9125,Wholesale Portal,2026-02-21,paid,paid,unfulfilled,EUR,emma.rossi.9125@example.com,Emma Rossi,Milan,IT,BOWL-ENAMEL-93-3,Enamel Mixing Bowl,Blue,4,27.24,108.96,20.70,0.00,0.00
GEN-9126,Marketplace Connect,2026-03-10,pending,pending,fulfilled,EUR,amara.okafor.9126@example.com,Amara Okafor,Dublin,IE,CUSHION-WOOL-01-1,Wool Cushion Cover,Moss,1,37.98,37.98,7.22,0.00,7.31
GEN-9126,Marketplace Connect,2026-03-10,pending,pending,fulfilled,EUR,amara.okafor.9126@example.com,Amara Okafor,Dublin,IE,BOWL-ENAMEL-92-2,Enamel Mixing Bowl,Blue,3,32.72,98.16,18.65,0.00,0.00
GEN-9126,Marketplace Connect,2026-03-10,pending,pending,fulfilled,EUR,amara.okafor.9126@example.com,Amara Okafor,Dublin,IE,HOOK-STEEL-71-3,Steel Wall Hook,Matte,3,17.15,51.45,9.78,0.00,0.00
GEN-9126,Marketplace Connect,2026-03-10,pending,pending,fulfilled,EUR,amara.okafor.9126@example.com,Amara Okafor,Dublin,IE,DESK-WALNUT-31-4,Walnut Desk Organizer,Three slot,1,55.69,55.69,10.58,0.00,0.00
GEN-9127,Wholesale Portal,2026-04-11,pending,authorized,unfulfilled,CZK,sofia.novak.9127@example.com,Sofia Novak,Prague,CZ,TRAY-OAK-05-1,Oak Serving Tray,Large,1,62.91,62.91,13.21,0.00,8.36
GEN-9127,Wholesale Portal,2026-04-11,pending,authorized,unfulfilled,CZK,sofia.novak.9127@example.com,Sofia Novak,Prague,CZ,SHADE-LINEN-04-2,Linen Lamp Shade,Natural,3,26.92,80.76,16.96,0.00,0.00
GEN-9127,Wholesale Portal,2026-04-11,pending,authorized,unfulfilled,CZK,sofia.novak.9127@example.com,Sofia Novak,Prague,CZ,TOWEL-BAMBOO-65-3,Bamboo Bath Towel,Sage,3,25.17,75.51,15.86,0.00,0.00
GEN-9128,Wholesale Portal,2026-02-23,authorized,authorized,unfulfilled,EUR,leo.martin.9128@example.com,Leo Martin,Munich,DE,HOOK-STEEL-69-1,Steel Wall Hook,Matte,4,11.21,44.84,8.52,4.97,2.64
GEN-9128,Wholesale Portal,2026-02-23,authorized,authorized,unfulfilled,EUR,leo.martin.9128@example.com,Leo Martin,Munich,DE,PLATE-STONE-44-2,Stoneware Plate,Set of 4,4,31.27,125.08,23.77,0.00,0.00
GEN-9129,Agency Sheet,2026-02-13,authorized,authorized,partial,EUR,leo.martin.9129@example.com,Leo Martin,Munich,DE,BOWL-SERVE-28-1,Serving Bowl,Ivory,4,26.60,106.40,20.22,9.47,7.78
GEN-9130,Wholesale Portal,2026-02-23,refunded,paid,shipped,EUR,lina.weber.9130@example.com,Lina Weber,Vienna,AT,LAMP-MATTE-30-1,Matte Table Lamp,Black,4,57.92,231.68,44.02,0.00,5.65
GEN-9130,Wholesale Portal,2026-02-23,refunded,paid,shipped,EUR,lina.weber.9130@example.com,Lina Weber,Vienna,AT,CANDLE-BRASS-38-2,Brass Candle Holder,Tall,1,22.97,22.97,4.36,0.00,0.00
GEN-9130,Wholesale Portal,2026-02-23,refunded,paid,shipped,EUR,lina.weber.9130@example.com,Lina Weber,Vienna,AT,HOOK-STEEL-04-3,Steel Wall Hook,Matte,1,11.08,11.08,2.11,0.00,0.00
GEN-9130,Wholesale Portal,2026-02-23,refunded,paid,shipped,EUR,lina.weber.9130@example.com,Lina Weber,Vienna,AT,SHEET-COTTON-97-4,Organic Cotton Sheet Set,Queen,1,97.61,97.61,18.55,0.00,0.00
GEN-9131,Retail POS,2026-01-12,pending,authorized,unfulfilled,EUR,ava.shah.9131@example.com,Ava Shah,Cologne,DE,BOWL-SERVE-10-1,Serving Bowl,Ivory,1,24.99,24.99,4.75,0.00,1.32
GEN-9132,Marketplace Connect,2026-01-14,refunded,authorized,fulfilled,GBP,ben.carter.9132@example.com,Ben Carter,Manchester,GB,SHEET-COTTON-89-1,Organic Cotton Sheet Set,Queen,3,93.59,280.77,56.15,0.00,1.73
GEN-9133,Retail POS,2026-03-15,refunded,authorized,processing,EUR,leo.martin.9133@example.com,Leo Martin,Munich,DE,POUR-CERAMIC-92-1,Ceramic Pour-Over Set,White,1,46.36,46.36,8.81,0.00,0.21
GEN-9133,Retail POS,2026-03-15,refunded,authorized,processing,EUR,leo.martin.9133@example.com,Leo Martin,Munich,DE,JAR-GLASS-06-2,Glass Storage Jar,1L,2,22.67,45.34,8.61,0.00,0.00
GEN-9134,Wholesale Portal,2026-01-15,authorized,pending,processing,USD,noah.park.9134@example.com,Noah Park,Austin,US,BOWL-SERVE-99-1,Serving Bowl,Ivory,2,20.09,40.18,3.31,4.97,2.06
GEN-9134,Wholesale Portal,2026-01-15,authorized,pending,processing,USD,noah.park.9134@example.com,Noah Park,Austin,US,CUSHION-WOOL-77-2,Wool Cushion Cover,Moss,3,40.84,122.52,10.11,5.45,0.00
GEN-9134,Wholesale Portal,2026-01-15,authorized,pending,processing,USD,noah.park.9134@example.com,Noah Park,Austin,US,TOWEL-BAMBOO-33-3,Bamboo Bath Towel,Sage,4,29.98,119.92,9.89,0.00,0.00
GEN-9134,Wholesale Portal,2026-01-15,authorized,pending,processing,USD,noah.park.9134@example.com,Noah Park,Austin,US,CUSHION-WOOL-64-4,Wool Cushion Cover,Moss,1,30.41,30.41,2.51,0.00,0.00
GEN-9135,Marketplace Connect,2026-01-12,refunded,pending,fulfilled,EUR,leo.martin.9135@example.com,Leo Martin,Munich,DE,TRAY-OAK-38-1,Oak Serving Tray,Large,2,59.48,118.96,22.60,4.24,0.74
GEN-9135,Marketplace Connect,2026-01-12,refunded,pending,fulfilled,EUR,leo.martin.9135@example.com,Leo Martin,Munich,DE,LAMP-MATTE-60-2,Matte Table Lamp,Black,4,58.90,235.60,44.76,0.00,0.00
GEN-9135,Marketplace Connect,2026-01-12,refunded,pending,fulfilled,EUR,leo.martin.9135@example.com,Leo Martin,Munich,DE,CUSHION-WOOL-48-3,Wool Cushion Cover,Moss,4,39.34,157.36,29.90,0.00,0.00
GEN-9136,Agency Sheet,2026-02-21,paid,paid,unfulfilled,USD,noah.park.9136@example.com,Noah Park,Austin,US,TOWEL-BAMBOO-37-1,Bamboo Bath Towel,Sage,4,25.84,103.36,8.53,0.00,1.41
GEN-9136,Agency Sheet,2026-02-21,paid,paid,unfulfilled,USD,noah.park.9136@example.com,Noah Park,Austin,US,THROW-CASH-14-2,Cashmere Throw,Ivory,4,84.01,336.04,27.72,0.00,0.00
GEN-9136,Agency Sheet,2026-02-21,paid,paid,unfulfilled,USD,noah.park.9136@example.com,Noah Park,Austin,US,THROW-CASH-13-3,Cashmere Throw,Ivory,4,74.29,297.16,24.52,0.00,0.00
GEN-9137,Amazon.co.uk,2026-01-25,pending,paid,unfulfilled,GBP,mia.foster.9137@example.com,Mia Foster,London,GB,CANDLE-BRASS-73-1,Brass Candle Holder,Tall,2,20.32,40.64,8.13,0.00,0.46
GEN-9137,Amazon.co.uk,2026-01-25,pending,paid,unfulfilled,GBP,mia.foster.9137@example.com,Mia Foster,London,GB,THROW-CASH-89-2,Cashmere Throw,Ivory,4,76.74,306.96,61.39,0.00,0.00
GEN-9138,Retail POS,2026-03-02,authorized,pending,processing,EUR,ava.shah.9138@example.com,Ava Shah,Cologne,DE,THROW-CASH-49-1,Cashmere Throw,Ivory,4,79.90,319.60,60.72,0.00,5.62
GEN-9138,Retail POS,2026-03-02,authorized,pending,processing,EUR,ava.shah.9138@example.com,Ava Shah,Cologne,DE,HOOK-STEEL-31-2,Steel Wall Hook,Matte,3,18.65,55.95,10.63,5.94,0.00
GEN-9139,Agency Sheet,2026-01-22,authorized,pending,partial,CZK,sofia.novak.9139@example.com,Sofia Novak,Prague,CZ,CUSHION-WOOL-32-1,Wool Cushion Cover,Moss,4,32.40,129.60,27.22,0.00,6.01
GEN-9140,Wholesale Portal,2026-02-05,refunded,authorized,shipped,EUR,lucas.meyer.9140@example.com,Lucas Meyer,Hamburg,DE,PLATE-STONE-36-1,Stoneware Plate,Set of 4,4,38.89,155.56,29.56,0.00,9.70
GEN-9140,Wholesale Portal,2026-02-05,refunded,authorized,shipped,EUR,lucas.meyer.9140@example.com,Lucas Meyer,Hamburg,DE,CUSHION-WOOL-74-2,Wool Cushion Cover,Moss,4,40.02,160.08,30.42,0.00,0.00
GEN-9140,Wholesale Portal,2026-02-05,refunded,authorized,shipped,EUR,lucas.meyer.9140@example.com,Lucas Meyer,Hamburg,DE,BOWL-ENAMEL-78-3,Enamel Mixing Bowl,Blue,1,36.93,36.93,7.02,0.00,0.00
GEN-9140,Wholesale Portal,2026-02-05,refunded,authorized,shipped,EUR,lucas.meyer.9140@example.com,Lucas Meyer,Hamburg,DE,POUR-CERAMIC-76-4,Ceramic Pour-Over Set,White,1,47.81,47.81,9.08,0.00,0.00
GEN-9141,Agency Sheet,2026-03-29,authorized,paid,shipped,USD,noah.park.9141@example.com,Noah Park,Austin,US,CUSHION-WOOL-22-1,Wool Cushion Cover,Moss,1,37.52,37.52,3.10,0.00,8.25
GEN-9141,Agency Sheet,2026-03-29,authorized,paid,shipped,USD,noah.park.9141@example.com,Noah Park,Austin,US,BOWL-ENAMEL-73-2,Enamel Mixing Bowl,Blue,3,36.33,108.99,8.99,0.00,0.00
GEN-9141,Agency Sheet,2026-03-29,authorized,paid,shipped,USD,noah.park.9141@example.com,Noah Park,Austin,US,BLANKET-WOOL-21-3,Recycled Wool Blanket,Plaid,3,70.74,212.22,17.51,0.00,0.00
GEN-9141,Agency Sheet,2026-03-29,authorized,paid,shipped,USD,noah.park.9141@example.com,Noah Park,Austin,US,TOWEL-BAMBOO-59-4,Bamboo Bath Towel,Sage,4,22.72,90.88,7.50,4.01,0.00
GEN-9142,Amazon.de,2026-03-03,authorized,pending,shipped,CHF,jonas.keller.9142@example.com,Jonas Keller,Zurich,CH,BOWL-ENAMEL-69-1,Enamel Mixing Bowl,Blue,4,39.23,156.92,12.71,0.00,9.82
GEN-9142,Amazon.de,2026-03-03,authorized,pending,shipped,CHF,jonas.keller.9142@example.com,Jonas Keller,Zurich,CH,BOWL-ENAMEL-69-2,Enamel Mixing Bowl,Blue,2,35.18,70.36,5.70,1.99,0.00
GEN-9143,Marketplace Connect,2026-01-25,refunded,authorized,unfulfilled,EUR,olivia.reed.9143@example.com,Olivia Reed,Berlin,DE,TOWEL-BAMBOO-64-1,Bamboo Bath Towel,Sage,4,20.98,83.92,15.94,0.00,3.44
GEN-9143,Marketplace Connect,2026-01-25,refunded,authorized,unfulfilled,EUR,olivia.reed.9143@example.com,Olivia Reed,Berlin,DE,HOOK-STEEL-40-2,Steel Wall Hook,Matte,1,20.62,20.62,3.92,0.00,0.00
GEN-9144,Amazon.co.uk,2026-04-24,refunded,pending,unfulfilled,GBP,ben.carter.9144@example.com,Ben Carter,Manchester,GB,TRAY-OAK-05-1,Oak Serving Tray,Large,3,61.98,185.94,37.19,0.00,2.62
GEN-9145,Agency Sheet,2026-02-21,authorized,authorized,fulfilled,EUR,lucas.meyer.9145@example.com,Lucas Meyer,Hamburg,DE,TRAY-OAK-09-1,Oak Serving Tray,Large,3,61.73,185.19,35.19,3.16,1.56
GEN-9146,Agency Sheet,2026-03-23,refunded,pending,partial,GBP,ben.carter.9146@example.com,Ben Carter,Manchester,GB,SHADE-LINEN-29-1,Linen Lamp Shade,Natural,2,35.11,70.22,14.04,0.00,7.12
GEN-9146,Agency Sheet,2026-03-23,refunded,pending,partial,GBP,ben.carter.9146@example.com,Ben Carter,Manchester,GB,TOWEL-BAMBOO-31-2,Bamboo Bath Towel,Sage,2,27.01,54.02,10.80,0.00,0.00
GEN-9147,Retail POS,2026-03-07,pending,pending,fulfilled,USD,noah.park.9147@example.com,Noah Park,Austin,US,DESK-WALNUT-11-1,Walnut Desk Organizer,Three slot,4,44.03,176.12,14.53,0.00,8.25
GEN-9147,Retail POS,2026-03-07,pending,pending,fulfilled,USD,noah.park.9147@example.com,Noah Park,Austin,US,BOWL-SERVE-67-2,Serving Bowl,Ivory,4,20.06,80.24,6.62,7.56,0.00
GEN-9148,Amazon.co.uk,2026-03-29,paid,paid,partial,USD,noah.park.9148@example.com,Noah Park,Austin,US,DESK-WALNUT-82-1,Walnut Desk Organizer,Three slot,1,49.93,49.93,4.12,0.00,8.89
GEN-9148,Amazon.co.uk,2026-03-29,paid,paid,partial,USD,noah.park.9148@example.com,Noah Park,Austin,US,BOWL-ENAMEL-57-2,Enamel Mixing Bowl,Blue,2,38.52,77.04,6.36,0.00,0.00
GEN-9149,Retail POS,2026-04-16,authorized,pending,shipped,CZK,sofia.novak.9149@example.com,Sofia Novak,Prague,CZ,HOOK-STEEL-86-1,Steel Wall Hook,Matte,2,20.02,40.04,8.41,5.58,2.75
GEN-9149,Retail POS,2026-04-16,authorized,pending,shipped,CZK,sofia.novak.9149@example.com,Sofia Novak,Prague,CZ,HOOK-STEEL-68-2,Steel Wall Hook,Matte,3,10.57,31.71,6.66,2.37,0.00
GEN-9150,Marketplace Connect,2026-01-26,pending,paid,processing,EUR,olivia.reed.9150@example.com,Olivia Reed,Berlin,DE,POUR-CERAMIC-82-1,Ceramic Pour-Over Set,White,3,41.32,123.96,23.55,0.00,1.58
GEN-9150,Marketplace Connect,2026-01-26,pending,paid,processing,EUR,olivia.reed.9150@example.com,Olivia Reed,Berlin,DE,TOWEL-BAMBOO-75-2,Bamboo Bath Towel,Sage,1,29.07,29.07,5.52,2.72,0.00
GEN-9150,Marketplace Connect,2026-01-26,pending,paid,processing,EUR,olivia.reed.9150@example.com,Olivia Reed,Berlin,DE,BLANKET-WOOL-51-3,Recycled Wool Blanket,Plaid,3,67.88,203.64,38.69,0.00,0.00
GEN-9150,Marketplace Connect,2026-01-26,pending,paid,processing,EUR,olivia.reed.9150@example.com,Olivia Reed,Berlin,DE,TOWEL-BAMBOO-09-4,Bamboo Bath Towel,Sage,2,28.95,57.90,11.00,6.49,0.00
GEN-9151,Agency Sheet,2026-02-28,pending,authorized,processing,USD,noah.park.9151@example.com,Noah Park,Austin,US,CUSHION-WOOL-48-1,Wool Cushion Cover,Moss,2,36.11,72.22,5.96,7.34,1.20
GEN-9151,Agency Sheet,2026-02-28,pending,authorized,processing,USD,noah.park.9151@example.com,Noah Park,Austin,US,SHEET-COTTON-82-2,Organic Cotton Sheet Set,Queen,1,88.72,88.72,7.32,5.97,0.00
GEN-9152,Agency Sheet,2026-01-11,authorized,paid,unfulfilled,EUR,ava.shah.9152@example.com,Ava Shah,Cologne,DE,SHADE-LINEN-95-1,Linen Lamp Shade,Natural,2,32.33,64.66,12.29,0.00,8.91
GEN-9152,Agency Sheet,2026-01-11,authorized,paid,unfulfilled,EUR,ava.shah.9152@example.com,Ava Shah,Cologne,DE,BOWL-ENAMEL-15-2,Enamel Mixing Bowl,Blue,1,33.36,33.36,6.34,1.87,0.00
GEN-9152,Agency Sheet,2026-01-11,authorized,paid,unfulfilled,EUR,ava.shah.9152@example.com,Ava Shah,Cologne,DE,SHADE-LINEN-27-3,Linen Lamp Shade,Natural,3,33.87,101.61,19.31,0.00,0.00
GEN-9152,Agency Sheet,2026-01-11,authorized,paid,unfulfilled,EUR,ava.shah.9152@example.com,Ava Shah,Cologne,DE,TOWEL-BAMBOO-44-4,Bamboo Bath Towel,Sage,2,22.10,44.20,8.40,0.00,0.00
GEN-9153,Wholesale Portal,2026-02-17,refunded,paid,processing,EUR,lucas.meyer.9153@example.com,Lucas Meyer,Hamburg,DE,DESK-WALNUT-50-1,Walnut Desk Organizer,Three slot,1,51.74,51.74,9.83,0.00,9.29
GEN-9154,Retail POS,2026-01-05,authorized,pending,unfulfilled,EUR,lucas.meyer.9154@example.com,Lucas Meyer,Hamburg,DE,HOOK-STEEL-05-1,Steel Wall Hook,Matte,1,13.97,13.97,2.65,0.00,7.10
GEN-9154,Retail POS,2026-01-05,authorized,pending,unfulfilled,EUR,lucas.meyer.9154@example.com,Lucas Meyer,Hamburg,DE,BOWL-SERVE-92-2,Serving Bowl,Ivory,4,25.71,102.84,19.54,0.00,0.00
GEN-9155,Retail POS,2026-01-06,authorized,authorized,unfulfilled,EUR,lucas.meyer.9155@example.com,Lucas Meyer,Hamburg,DE,THROW-CASH-47-1,Cashmere Throw,Ivory,4,83.84,335.36,63.72,0.00,2.58
GEN-9155,Retail POS,2026-01-06,authorized,authorized,unfulfilled,EUR,lucas.meyer.9155@example.com,Lucas Meyer,Hamburg,DE,CANDLE-BRASS-93-2,Brass Candle Holder,Tall,4,21.14,84.56,16.07,0.00,0.00
GEN-9155,Retail POS,2026-01-06,authorized,authorized,unfulfilled,EUR,lucas.meyer.9155@example.com,Lucas Meyer,Hamburg,DE,PLATE-STONE-02-3,Stoneware Plate,Set of 4,3,39.99,119.97,22.79,0.00,0.00
GEN-9155,Retail POS,2026-01-06,authorized,authorized,unfulfilled,EUR,lucas.meyer.9155@example.com,Lucas Meyer,Hamburg,DE,CUSHION-WOOL-22-4,Wool Cushion Cover,Moss,4,29.58,118.32,22.48,9.75,0.00
GEN-9156,Marketplace Connect,2026-02-26,authorized,paid,processing,EUR,amara.okafor.9156@example.com,Amara Okafor,Dublin,IE,BLANKET-WOOL-87-1,Recycled Wool Blanket,Plaid,4,71.23,284.92,54.13,0.00,3.63
GEN-9156,Marketplace Connect,2026-02-26,authorized,paid,processing,EUR,amara.okafor.9156@example.com,Amara Okafor,Dublin,IE,LAMP-MATTE-81-2,Matte Table Lamp,Black,3,62.03,186.09,35.36,0.00,0.00
GEN-9156,Marketplace Connect,2026-02-26,authorized,paid,processing,EUR,amara.okafor.9156@example.com,Amara Okafor,Dublin,IE,PLATE-STONE-13-3,Stoneware Plate,Set of 4,1,34.37,34.37,6.53,0.00,0.00
GEN-9156,Marketplace Connect,2026-02-26,authorized,paid,processing,EUR,amara.okafor.9156@example.com,Amara Okafor,Dublin,IE,LAMP-MATTE-99-4,Matte Table Lamp,Black,4,55.66,222.64,42.30,0.00,0.00
GEN-9157,Amazon.de,2026-03-20,authorized,pending,shipped,EUR,leo.martin.9157@example.com,Leo Martin,Munich,DE,PLATE-STONE-87-1,Stoneware Plate,Set of 4,2,36.92,73.84,14.03,0.00,1.22
GEN-9158,Agency Sheet,2026-03-07,paid,paid,partial,CHF,jonas.keller.9158@example.com,Jonas Keller,Zurich,CH,LAMP-MATTE-82-1,Matte Table Lamp,Black,1,50.87,50.87,4.12,0.00,0.02
GEN-9158,Agency Sheet,2026-03-07,paid,paid,partial,CHF,jonas.keller.9158@example.com,Jonas Keller,Zurich,CH,BOWL-ENAMEL-11-2,Enamel Mixing Bowl,Blue,3,28.73,86.19,6.98,0.00,0.00
GEN-9158,Agency Sheet,2026-03-07,paid,paid,partial,CHF,jonas.keller.9158@example.com,Jonas Keller,Zurich,CH,SHADE-LINEN-71-3,Linen Lamp Shade,Natural,4,30.80,123.20,9.98,0.00,0.00
GEN-9158,Agency Sheet,2026-03-07,paid,paid,partial,CHF,jonas.keller.9158@example.com,Jonas Keller,Zurich,CH,DESK-WALNUT-10-4,Walnut Desk Organizer,Three slot,3,53.53,160.59,13.01,0.00,0.00
GEN-9159,Agency Sheet,2026-02-21,paid,paid,shipped,EUR,olivia.reed.9159@example.com,Olivia Reed,Berlin,DE,TOWEL-BAMBOO-86-1,Bamboo Bath Towel,Sage,2,19.48,38.96,7.40,0.00,4.57
GEN-9160,Wholesale Portal,2026-04-22,authorized,paid,fulfilled,EUR,leo.martin.9160@example.com,Leo Martin,Munich,DE,TRAY-OAK-75-1,Oak Serving Tray,Large,2,70.34,140.68,26.73,0.00,2.67
GEN-9160,Wholesale Portal,2026-04-22,authorized,paid,fulfilled,EUR,leo.martin.9160@example.com,Leo Martin,Munich,DE,HOOK-STEEL-47-2,Steel Wall Hook,Matte,4,16.53,66.12,12.56,0.00,0.00
GEN-9160,Wholesale Portal,2026-04-22,authorized,paid,fulfilled,EUR,leo.martin.9160@example.com,Leo Martin,Munich,DE,SHADE-LINEN-96-3,Linen Lamp Shade,Natural,3,35.79,107.37,20.40,0.00,0.00
GEN-9160,Wholesale Portal,2026-04-22,authorized,paid,fulfilled,EUR,leo.martin.9160@example.com,Leo Martin,Munich,DE,PLATE-STONE-01-4,Stoneware Plate,Set of 4,2,34.18,68.36,12.99,0.00,0.00
GEN-9161,Agency Sheet,2026-01-10,paid,paid,shipped,EUR,lina.weber.9161@example.com,Lina Weber,Vienna,AT,TRAY-OAK-25-1,Oak Serving Tray,Large,1,69.49,69.49,13.20,4.35,4.92
GEN-9161,Agency Sheet,2026-01-10,paid,paid,shipped,EUR,lina.weber.9161@example.com,Lina Weber,Vienna,AT,CANDLE-BRASS-07-2,Brass Candle Holder,Tall,2,19.00,38.00,7.22,0.00,0.00
GEN-9161,Agency Sheet,2026-01-10,paid,paid,shipped,EUR,lina.weber.9161@example.com,Lina Weber,Vienna,AT,SHADE-LINEN-45-3,Linen Lamp Shade,Natural,2,23.42,46.84,8.90,0.00,0.00
GEN-9161,Agency Sheet,2026-01-10,paid,paid,shipped,EUR,lina.weber.9161@example.com,Lina Weber,Vienna,AT,JAR-GLASS-63-4,Glass Storage Jar,1L,4,14.06,56.24,10.69,0.00,0.00
GEN-9162,Amazon.co.uk,2026-04-07,pending,paid,shipped,GBP,mia.foster.9162@example.com,Mia Foster,London,GB,SHEET-COTTON-35-1,Organic Cotton Sheet Set,Queen,3,96.73,290.19,58.04,0.00,5.10
GEN-9162,Amazon.co.uk,2026-04-07,pending,paid,shipped,GBP,mia.foster.9162@example.com,Mia Foster,London,GB,BLANKET-WOOL-58-2,Recycled Wool Blanket,Plaid,3,68.61,205.83,41.17,4.06,0.00
GEN-9162,Amazon.co.uk,2026-04-07,pending,paid,shipped,GBP,mia.foster.9162@example.com,Mia Foster,London,GB,TRAY-OAK-39-3,Oak Serving Tray,Large,2,62.04,124.08,24.82,8.94,0.00
GEN-9163,Agency Sheet,2026-03-12,paid,paid,partial,GBP,ben.carter.9163@example.com,Ben Carter,Manchester,GB,DESK-WALNUT-06-1,Walnut Desk Organizer,Three slot,4,52.78,211.12,42.22,0.00,4.08
GEN-9164,Amazon.co.uk,2026-01-09,pending,pending,unfulfilled,EUR,leo.martin.9164@example.com,Leo Martin,Munich,DE,BLANKET-WOOL-10-1,Recycled Wool Blanket,Plaid,4,73.26,293.04,55.68,0.00,5.11
GEN-9164,Amazon.co.uk,2026-01-09,pending,pending,unfulfilled,EUR,leo.martin.9164@example.com,Leo Martin,Munich,DE,CANDLE-BRASS-10-2,Brass Candle Holder,Tall,4,20.63,82.52,15.68,8.78,0.00
GEN-9164,Amazon.co.uk,2026-01-09,pending,pending,unfulfilled,EUR,leo.martin.9164@example.com,Leo Martin,Munich,DE,SHADE-LINEN-19-3,Linen Lamp Shade,Natural,1,28.95,28.95,5.50,1.83,0.00
GEN-9164,Amazon.co.uk,2026-01-09,pending,pending,unfulfilled,EUR,leo.martin.9164@example.com,Leo Martin,Munich,DE,BOWL-ENAMEL-66-4,Enamel Mixing Bowl,Blue,3,38.30,114.90,21.83,0.00,0.00
GEN-9165,Marketplace Connect,2026-01-18,pending,paid,unfulfilled,GBP,ben.carter.9165@example.com,Ben Carter,Manchester,GB,BOWL-ENAMEL-94-1,Enamel Mixing Bowl,Blue,4,31.50,126.00,25.20,9.79,9.99
GEN-9165,Marketplace Connect,2026-01-18,pending,paid,unfulfilled,GBP,ben.carter.9165@example.com,Ben Carter,Manchester,GB,SHEET-COTTON-03-2,Organic Cotton Sheet Set,Queen,4,87.90,351.60,70.32,0.00,0.00
GEN-9165,Marketplace Connect,2026-01-18,pending,paid,unfulfilled,GBP,ben.carter.9165@example.com,Ben Carter,Manchester,GB,TOWEL-BAMBOO-79-3,Bamboo Bath Towel,Sage,3,23.02,69.06,13.81,0.00,0.00
GEN-9165,Marketplace Connect,2026-01-18,pending,paid,unfulfilled,GBP,ben.carter.9165@example.com,Ben Carter,Manchester,GB,BOWL-ENAMEL-99-4,Enamel Mixing Bowl,Blue,4,35.13,140.52,28.10,0.00,0.00
GEN-9166,Amazon.co.uk,2026-04-16,refunded,paid,shipped,EUR,olivia.reed.9166@example.com,Olivia Reed,Berlin,DE,JAR-GLASS-79-1,Glass Storage Jar,1L,1,14.05,14.05,2.67,0.00,1.80
GEN-9167,Amazon.de,2026-02-08,pending,paid,fulfilled,CZK,sofia.novak.9167@example.com,Sofia Novak,Prague,CZ,TRAY-OAK-13-1,Oak Serving Tray,Large,3,64.36,193.08,40.55,2.49,8.97
GEN-9167,Amazon.de,2026-02-08,pending,paid,fulfilled,CZK,sofia.novak.9167@example.com,Sofia Novak,Prague,CZ,JAR-GLASS-63-2,Glass Storage Jar,1L,4,23.53,94.12,19.77,7.28,0.00
GEN-9167,Amazon.de,2026-02-08,pending,paid,fulfilled,CZK,sofia.novak.9167@example.com,Sofia Novak,Prague,CZ,POUR-CERAMIC-12-3,Ceramic Pour-Over Set,White,4,44.55,178.20,37.42,0.00,0.00
GEN-9167,Amazon.de,2026-02-08,pending,paid,fulfilled,CZK,sofia.novak.9167@example.com,Sofia Novak,Prague,CZ,POUR-CERAMIC-59-4,Ceramic Pour-Over Set,White,4,48.30,193.20,40.57,1.34,0.00
GEN-9168,Amazon.de,2026-04-03,paid,paid,fulfilled,EUR,amara.okafor.9168@example.com,Amara Okafor,Dublin,IE,SHEET-COTTON-81-1,Organic Cotton Sheet Set,Queen,3,94.45,283.35,53.84,2.70,6.07
GEN-9168,Amazon.de,2026-04-03,paid,paid,fulfilled,EUR,amara.okafor.9168@example.com,Amara Okafor,Dublin,IE,THROW-CASH-86-2,Cashmere Throw,Ivory,3,84.80,254.40,48.34,4.48,0.00
GEN-9168,Amazon.de,2026-04-03,paid,paid,fulfilled,EUR,amara.okafor.9168@example.com,Amara Okafor,Dublin,IE,CUSHION-WOOL-28-3,Wool Cushion Cover,Moss,3,39.55,118.65,22.54,2.20,0.00
GEN-9168,Amazon.de,2026-04-03,paid,paid,fulfilled,EUR,amara.okafor.9168@example.com,Amara Okafor,Dublin,IE,CUSHION-WOOL-75-4,Wool Cushion Cover,Moss,1,30.90,30.90,5.87,0.00,0.00
GEN-9169,Retail POS,2026-03-01,pending,pending,partial,GBP,ben.carter.9169@example.com,Ben Carter,Manchester,GB,THROW-CASH-90-1,Cashmere Throw,Ivory,2,80.28,160.56,32.11,7.31,4.81
GEN-9170,Wholesale Portal,2026-04-25,authorized,authorized,fulfilled,EUR,lina.weber.9170@example.com,Lina Weber,Vienna,AT,SHADE-LINEN-53-1,Linen Lamp Shade,Natural,1,35.62,35.62,6.77,0.00,3.43
GEN-9171,Agency Sheet,2026-01-01,authorized,authorized,partial,CHF,jonas.keller.9171@example.com,Jonas Keller,Zurich,CH,SHADE-LINEN-35-1,Linen Lamp Shade,Natural,1,27.90,27.90,2.26,1.45,2.21
GEN-9171,Agency Sheet,2026-01-01,authorized,authorized,partial,CHF,jonas.keller.9171@example.com,Jonas Keller,Zurich,CH,JAR-GLASS-01-2,Glass Storage Jar,1L,1,16.47,16.47,1.33,0.00,0.00
GEN-9172,Amazon.de,2026-02-20,paid,paid,shipped,EUR,amara.okafor.9172@example.com,Amara Okafor,Dublin,IE,HOOK-STEEL-20-1,Steel Wall Hook,Matte,3,16.79,50.37,9.57,0.00,0.71
GEN-9172,Amazon.de,2026-02-20,paid,paid,shipped,EUR,amara.okafor.9172@example.com,Amara Okafor,Dublin,IE,HOOK-STEEL-59-2,Steel Wall Hook,Matte,4,10.72,42.88,8.15,0.00,0.00
GEN-9172,Amazon.de,2026-02-20,paid,paid,shipped,EUR,amara.okafor.9172@example.com,Amara Okafor,Dublin,IE,CANDLE-BRASS-99-3,Brass Candle Holder,Tall,2,17.73,35.46,6.74,0.00,0.00
GEN-9172,Amazon.de,2026-02-20,paid,paid,shipped,EUR,amara.okafor.9172@example.com,Amara Okafor,Dublin,IE,THROW-CASH-43-4,Cashmere Throw,Ivory,1,75.30,75.30,14.31,0.00,0.00
GEN-9173,Amazon.de,2026-04-10,authorized,paid,processing,EUR,emma.rossi.9173@example.com,Emma Rossi,Milan,IT,THROW-CASH-91-1,Cashmere Throw,Ivory,2,80.57,161.14,30.62,0.00,3.04
GEN-9173,Amazon.de,2026-04-10,authorized,paid,processing,EUR,emma.rossi.9173@example.com,Emma Rossi,Milan,IT,SHADE-LINEN-10-2,Linen Lamp Shade,Natural,2,23.14,46.28,8.79,0.00,0.00
GEN-9173,Amazon.de,2026-04-10,authorized,paid,processing,EUR,emma.rossi.9173@example.com,Emma Rossi,Milan,IT,SHEET-COTTON-10-3,Organic Cotton Sheet Set,Queen,3,96.34,289.02,54.91,0.00,0.00
GEN-9174,Retail POS,2026-03-06,authorized,authorized,shipped,USD,noah.park.9174@example.com,Noah Park,Austin,US,LAMP-MATTE-46-1,Matte Table Lamp,Black,2,54.74,109.48,9.03,0.00,9.79
GEN-9174,Retail POS,2026-03-06,authorized,authorized,shipped,USD,noah.park.9174@example.com,Noah Park,Austin,US,HOOK-STEEL-53-2,Steel Wall Hook,Matte,1,20.37,20.37,1.68,0.00,0.00
GEN-9174,Retail POS,2026-03-06,authorized,authorized,shipped,USD,noah.park.9174@example.com,Noah Park,Austin,US,TRAY-OAK-01-3,Oak Serving Tray,Large,4,66.82,267.28,22.05,0.00,0.00
GEN-9174,Retail POS,2026-03-06,authorized,authorized,shipped,USD,noah.park.9174@example.com,Noah Park,Austin,US,TOWEL-BAMBOO-92-4,Bamboo Bath Towel,Sage,1,21.20,21.20,1.75,0.00,0.00
GEN-9175,Retail POS,2026-02-11,paid,paid,processing,GBP,ben.carter.9175@example.com,Ben Carter,Manchester,GB,BLANKET-WOOL-53-1,Recycled Wool Blanket,Plaid,2,77.85,155.70,31.14,0.00,8.81
GEN-9175,Retail POS,2026-02-11,paid,paid,processing,GBP,ben.carter.9175@example.com,Ben Carter,Manchester,GB,LAMP-MATTE-50-2,Matte Table Lamp,Black,2,61.90,123.80,24.76,0.00,0.00
GEN-9176,Amazon.co.uk,2026-04-09,authorized,authorized,unfulfilled,GBP,ben.carter.9176@example.com,Ben Carter,Manchester,GB,SHEET-COTTON-42-1,Organic Cotton Sheet Set,Queen,3,86.88,260.64,52.13,0.00,0.69
GEN-9176,Amazon.co.uk,2026-04-09,authorized,authorized,unfulfilled,GBP,ben.carter.9176@example.com,Ben Carter,Manchester,GB,BOWL-ENAMEL-93-2,Enamel Mixing Bowl,Blue,2,28.77,57.54,11.51,0.00,0.00
GEN-9176,Amazon.co.uk,2026-04-09,authorized,authorized,unfulfilled,GBP,ben.carter.9176@example.com,Ben Carter,Manchester,GB,SHADE-LINEN-23-3,Linen Lamp Shade,Natural,1,35.00,35.00,7.00,0.00,0.00
GEN-9176,Amazon.co.uk,2026-04-09,authorized,authorized,unfulfilled,GBP,ben.carter.9176@example.com,Ben Carter,Manchester,GB,CANDLE-BRASS-65-4,Brass Candle Holder,Tall,1,26.83,26.83,5.37,0.00,0.00
GEN-9177,Agency Sheet,2026-03-06,refunded,authorized,processing,EUR,amara.okafor.9177@example.com,Amara Okafor,Dublin,IE,SHADE-LINEN-48-1,Linen Lamp Shade,Natural,2,24.63,49.26,9.36,0.00,7.33
GEN-9177,Agency Sheet,2026-03-06,refunded,authorized,processing,EUR,amara.okafor.9177@example.com,Amara Okafor,Dublin,IE,BLANKET-WOOL-32-2,Recycled Wool Blanket,Plaid,1,71.36,71.36,13.56,0.00,0.00
GEN-9178,Retail POS,2026-01-20,authorized,authorized,processing,EUR,leo.martin.9178@example.com,Leo Martin,Munich,DE,POUR-CERAMIC-16-1,Ceramic Pour-Over Set,White,4,46.87,187.48,35.62,2.12,3.39
GEN-9178,Retail POS,2026-01-20,authorized,authorized,processing,EUR,leo.martin.9178@example.com,Leo Martin,Munich,DE,CUSHION-WOOL-24-2,Wool Cushion Cover,Moss,1,38.21,38.21,7.26,0.00,0.00
GEN-9179,Amazon.co.uk,2026-03-23,pending,authorized,processing,CHF,jonas.keller.9179@example.com,Jonas Keller,Zurich,CH,POUR-CERAMIC-65-1,Ceramic Pour-Over Set,White,3,45.27,135.81,11.00,3.12,5.10
GEN-9180,Marketplace Connect,2026-04-10,paid,paid,processing,EUR,lucas.meyer.9180@example.com,Lucas Meyer,Hamburg,DE,CUSHION-WOOL-56-1,Wool Cushion Cover,Moss,2,35.35,70.70,13.43,0.00,1.04
GEN-9181,Agency Sheet,2026-03-17,authorized,pending,processing,CHF,jonas.keller.9181@example.com,Jonas Keller,Zurich,CH,CANDLE-BRASS-23-1,Brass Candle Holder,Tall,3,21.05,63.15,5.12,0.00,0.33
GEN-9181,Agency Sheet,2026-03-17,authorized,pending,processing,CHF,jonas.keller.9181@example.com,Jonas Keller,Zurich,CH,BOWL-SERVE-17-2,Serving Bowl,Ivory,2,19.44,38.88,3.15,0.00,0.00
GEN-9181,Agency Sheet,2026-03-17,authorized,pending,processing,CHF,jonas.keller.9181@example.com,Jonas Keller,Zurich,CH,JAR-GLASS-87-3,Glass Storage Jar,1L,2,15.59,31.18,2.53,0.00,0.00
GEN-9181,Agency Sheet,2026-03-17,authorized,pending,processing,CHF,jonas.keller.9181@example.com,Jonas Keller,Zurich,CH,PLATE-STONE-18-4,Stoneware Plate,Set of 4,4,31.25,125.00,10.13,0.00,0.00
GEN-9182,Agency Sheet,2026-03-23,authorized,paid,partial,EUR,leo.martin.9182@example.com,Leo Martin,Munich,DE,SHADE-LINEN-34-1,Linen Lamp Shade,Natural,3,28.85,86.55,16.44,0.00,0.72
GEN-9183,Marketplace Connect,2026-03-10,paid,paid,processing,EUR,leo.martin.9183@example.com,Leo Martin,Munich,DE,CUSHION-WOOL-07-1,Wool Cushion Cover,Moss,1,38.81,38.81,7.37,3.74,3.87
GEN-9184,Wholesale Portal,2026-02-10,refunded,paid,shipped,CHF,jonas.keller.9184@example.com,Jonas Keller,Zurich,CH,POUR-CERAMIC-80-1,Ceramic Pour-Over Set,White,3,44.55,133.65,10.83,0.00,8.69
GEN-9185,Retail POS,2026-03-11,paid,paid,fulfilled,EUR,amara.okafor.9185@example.com,Amara Okafor,Dublin,IE,TOWEL-BAMBOO-39-1,Bamboo Bath Towel,Sage,2,20.29,40.58,7.71,1.76,4.88
GEN-9185,Retail POS,2026-03-11,paid,paid,fulfilled,EUR,amara.okafor.9185@example.com,Amara Okafor,Dublin,IE,CANDLE-BRASS-01-2,Brass Candle Holder,Tall,1,22.14,22.14,4.21,0.00,0.00
GEN-9185,Retail POS,2026-03-11,paid,paid,fulfilled,EUR,amara.okafor.9185@example.com,Amara Okafor,Dublin,IE,TOWEL-BAMBOO-09-3,Bamboo Bath Towel,Sage,4,28.27,113.08,21.49,0.00,0.00
GEN-9186,Amazon.co.uk,2026-04-09,paid,paid,shipped,USD,noah.park.9186@example.com,Noah Park,Austin,US,BLANKET-WOOL-35-1,Recycled Wool Blanket,Plaid,1,69.01,69.01,5.69,3.18,8.28
GEN-9186,Amazon.co.uk,2026-04-09,paid,paid,shipped,USD,noah.park.9186@example.com,Noah Park,Austin,US,TOWEL-BAMBOO-45-2,Bamboo Bath Towel,Sage,1,23.17,23.17,1.91,3.08,0.00
GEN-9187,Marketplace Connect,2026-01-15,authorized,pending,unfulfilled,GBP,mia.foster.9187@example.com,Mia Foster,London,GB,CANDLE-BRASS-09-1,Brass Candle Holder,Tall,3,21.59,64.77,12.95,0.00,3.99
GEN-9187,Marketplace Connect,2026-01-15,authorized,pending,unfulfilled,GBP,mia.foster.9187@example.com,Mia Foster,London,GB,SHADE-LINEN-84-2,Linen Lamp Shade,Natural,1,25.03,25.03,5.01,3.55,0.00
GEN-9187,Marketplace Connect,2026-01-15,authorized,pending,unfulfilled,GBP,mia.foster.9187@example.com,Mia Foster,London,GB,CUSHION-WOOL-16-3,Wool Cushion Cover,Moss,2,33.09,66.18,13.24,0.00,0.00
GEN-9187,Marketplace Connect,2026-01-15,authorized,pending,unfulfilled,GBP,mia.foster.9187@example.com,Mia Foster,London,GB,BOWL-ENAMEL-55-4,Enamel Mixing Bowl,Blue,3,29.12,87.36,17.47,0.00,0.00
GEN-9188,Retail POS,2026-04-24,paid,paid,fulfilled,EUR,lina.weber.9188@example.com,Lina Weber,Vienna,AT,DESK-WALNUT-99-1,Walnut Desk Organizer,Three slot,3,54.26,162.78,30.93,8.20,1.37
GEN-9188,Retail POS,2026-04-24,paid,paid,fulfilled,EUR,lina.weber.9188@example.com,Lina Weber,Vienna,AT,PLATE-STONE-30-2,Stoneware Plate,Set of 4,2,34.61,69.22,13.15,0.00,0.00
GEN-9189,Amazon.co.uk,2026-02-23,paid,paid,processing,GBP,mia.foster.9189@example.com,Mia Foster,London,GB,HOOK-STEEL-66-1,Steel Wall Hook,Matte,3,18.88,56.64,11.33,0.00,5.10
GEN-9189,Amazon.co.uk,2026-02-23,paid,paid,processing,GBP,mia.foster.9189@example.com,Mia Foster,London,GB,BOWL-SERVE-54-2,Serving Bowl,Ivory,3,29.24,87.72,17.54,0.00,0.00
GEN-9190,Wholesale Portal,2026-01-26,authorized,authorized,partial,EUR,amara.okafor.9190@example.com,Amara Okafor,Dublin,IE,DESK-WALNUT-41-1,Walnut Desk Organizer,Three slot,3,55.56,166.68,31.67,0.00,6.63
GEN-9190,Wholesale Portal,2026-01-26,authorized,authorized,partial,EUR,amara.okafor.9190@example.com,Amara Okafor,Dublin,IE,POUR-CERAMIC-20-2,Ceramic Pour-Over Set,White,3,46.50,139.50,26.50,0.00,0.00
GEN-9190,Wholesale Portal,2026-01-26,authorized,authorized,partial,EUR,amara.okafor.9190@example.com,Amara Okafor,Dublin,IE,TRAY-OAK-79-3,Oak Serving Tray,Large,2,60.07,120.14,22.83,0.00,0.00
GEN-9190,Wholesale Portal,2026-01-26,authorized,authorized,partial,EUR,amara.okafor.9190@example.com,Amara Okafor,Dublin,IE,BOWL-SERVE-82-4,Serving Bowl,Ivory,2,25.02,50.04,9.51,1.48,0.00
GEN-9191,Wholesale Portal,2026-02-15,authorized,pending,unfulfilled,GBP,ben.carter.9191@example.com,Ben Carter,Manchester,GB,CANDLE-BRASS-34-1,Brass Candle Holder,Tall,1,19.93,19.93,3.99,2.49,4.18
GEN-9192,Retail POS,2026-03-12,paid,paid,shipped,EUR,leo.martin.9192@example.com,Leo Martin,Munich,DE,LAMP-MATTE-39-1,Matte Table Lamp,Black,3,56.29,168.87,32.09,0.00,4.23
GEN-9193,Retail POS,2026-03-02,refunded,paid,partial,EUR,ava.shah.9193@example.com,Ava Shah,Cologne,DE,THROW-CASH-18-1,Cashmere Throw,Ivory,2,81.31,162.62,30.90,0.00,5.78
GEN-9194,Marketplace Connect,2026-03-29,pending,pending,partial,EUR,lucas.meyer.9194@example.com,Lucas Meyer,Hamburg,DE,TOWEL-BAMBOO-62-1,Bamboo Bath Towel,Sage,2,19.04,38.08,7.24,3.33,3.11
GEN-9195,Marketplace Connect,2026-02-08,refunded,authorized,partial,CZK,sofia.novak.9195@example.com,Sofia Novak,Prague,CZ,LAMP-MATTE-63-1,Matte Table Lamp,Black,3,55.19,165.57,34.77,0.00,5.49
GEN-9195,Marketplace Connect,2026-02-08,refunded,authorized,partial,CZK,sofia.novak.9195@example.com,Sofia Novak,Prague,CZ,BOWL-SERVE-06-2,Serving Bowl,Ivory,2,23.09,46.18,9.70,3.69,0.00
GEN-9195,Marketplace Connect,2026-02-08,refunded,authorized,partial,CZK,sofia.novak.9195@example.com,Sofia Novak,Prague,CZ,CANDLE-BRASS-76-3,Brass Candle Holder,Tall,2,22.81,45.62,9.58,3.91,0.00
GEN-9195,Marketplace Connect,2026-02-08,refunded,authorized,partial,CZK,sofia.novak.9195@example.com,Sofia Novak,Prague,CZ,TRAY-OAK-50-4,Oak Serving Tray,Large,1,61.45,61.45,12.90,0.00,0.00
GEN-9196,Amazon.de,2026-04-11,pending,pending,processing,EUR,lina.weber.9196@example.com,Lina Weber,Vienna,AT,TOWEL-BAMBOO-66-1,Bamboo Bath Towel,Sage,4,20.38,81.52,15.49,0.00,4.50
GEN-9197,Wholesale Portal,2026-01-02,authorized,pending,shipped,EUR,lucas.meyer.9197@example.com,Lucas Meyer,Hamburg,DE,THROW-CASH-67-1,Cashmere Throw,Ivory,1,85.32,85.32,16.21,0.00,8.66
GEN-9197,Wholesale Portal,2026-01-02,authorized,pending,shipped,EUR,lucas.meyer.9197@example.com,Lucas Meyer,Hamburg,DE,LAMP-MATTE-59-2,Matte Table Lamp,Black,1,57.80,57.80,10.98,0.00,0.00
GEN-9197,Wholesale Portal,2026-01-02,authorized,pending,shipped,EUR,lucas.meyer.9197@example.com,Lucas Meyer,Hamburg,DE,POUR-CERAMIC-18-3,Ceramic Pour-Over Set,White,1,42.14,42.14,8.01,0.00,0.00
GEN-9198,Retail POS,2026-02-09,refunded,paid,unfulfilled,EUR,leo.martin.9198@example.com,Leo Martin,Munich,DE,THROW-CASH-81-1,Cashmere Throw,Ivory,1,74.19,74.19,14.10,9.14,8.88
GEN-9198,Retail POS,2026-02-09,refunded,paid,unfulfilled,EUR,leo.martin.9198@example.com,Leo Martin,Munich,DE,TOWEL-BAMBOO-98-2,Bamboo Bath Towel,Sage,1,29.85,29.85,5.67,0.00,0.00
GEN-9199,Retail POS,2026-04-23,refunded,pending,processing,USD,noah.park.9199@example.com,Noah Park,Austin,US,PLATE-STONE-92-1,Stoneware Plate,Set of 4,2,37.17,74.34,6.13,0.00,1.03
GEN-9200,Retail POS,2026-03-29,authorized,authorized,fulfilled,EUR,olivia.reed.9200@example.com,Olivia Reed,Berlin,DE,CANDLE-BRASS-82-1,Brass Candle Holder,Tall,2,17.20,34.40,6.54,0.00,1.28
GEN-9200,Retail POS,2026-03-29,authorized,authorized,fulfilled,EUR,olivia.reed.9200@example.com,Olivia Reed,Berlin,DE,CUSHION-WOOL-37-2,Wool Cushion Cover,Moss,1,33.30,33.30,6.33,0.00,0.00
GEN-9201,Marketplace Connect,2026-04-25,pending,authorized,fulfilled,CHF,jonas.keller.9201@example.com,Jonas Keller,Zurich,CH,HOOK-STEEL-98-1,Steel Wall Hook,Matte,1,18.49,18.49,1.50,0.00,9.11
GEN-9201,Marketplace Connect,2026-04-25,pending,authorized,fulfilled,CHF,jonas.keller.9201@example.com,Jonas Keller,Zurich,CH,SHEET-COTTON-73-2,Organic Cotton Sheet Set,Queen,1,88.25,88.25,7.15,7.04,0.00
GEN-9201,Marketplace Connect,2026-04-25,pending,authorized,fulfilled,CHF,jonas.keller.9201@example.com,Jonas Keller,Zurich,CH,PLATE-STONE-47-3,Stoneware Plate,Set of 4,3,40.31,120.93,9.80,0.00,0.00
GEN-9201,Marketplace Connect,2026-04-25,pending,authorized,fulfilled,CHF,jonas.keller.9201@example.com,Jonas Keller,Zurich,CH,JAR-GLASS-21-4,Glass Storage Jar,1L,1,16.81,16.81,1.36,1.64,0.00
GEN-9202,Amazon.co.uk,2026-01-16,refunded,paid,fulfilled,GBP,ben.carter.9202@example.com,Ben Carter,Manchester,GB,TOWEL-BAMBOO-53-1,Bamboo Bath Towel,Sage,3,19.64,58.92,11.78,0.00,8.48
GEN-9203,Amazon.de,2026-01-11,paid,paid,partial,GBP,mia.foster.9203@example.com,Mia Foster,London,GB,SHADE-LINEN-68-1,Linen Lamp Shade,Natural,2,27.00,54.00,10.80,1.27,3.71
GEN-9203,Amazon.de,2026-01-11,paid,paid,partial,GBP,mia.foster.9203@example.com,Mia Foster,London,GB,LAMP-MATTE-92-2,Matte Table Lamp,Black,3,57.63,172.89,34.58,0.00,0.00
GEN-9203,Amazon.de,2026-01-11,paid,paid,partial,GBP,mia.foster.9203@example.com,Mia Foster,London,GB,BLANKET-WOOL-82-3,Recycled Wool Blanket,Plaid,4,79.90,319.60,63.92,0.00,0.00
GEN-9204,Wholesale Portal,2026-04-08,pending,paid,fulfilled,EUR,leo.martin.9204@example.com,Leo Martin,Munich,DE,POUR-CERAMIC-36-1,Ceramic Pour-Over Set,White,1,47.42,47.42,9.01,0.00,2.39
GEN-9204,Wholesale Portal,2026-04-08,pending,paid,fulfilled,EUR,leo.martin.9204@example.com,Leo Martin,Munich,DE,BOWL-SERVE-54-2,Serving Bowl,Ivory,2,29.05,58.10,11.04,0.00,0.00
GEN-9204,Wholesale Portal,2026-04-08,pending,paid,fulfilled,EUR,leo.martin.9204@example.com,Leo Martin,Munich,DE,DESK-WALNUT-65-3,Walnut Desk Organizer,Three slot,1,52.25,52.25,9.93,3.69,0.00
GEN-9204,Wholesale Portal,2026-04-08,pending,paid,fulfilled,EUR,leo.martin.9204@example.com,Leo Martin,Munich,DE,LAMP-MATTE-11-4,Matte Table Lamp,Black,2,55.22,110.44,20.98,0.00,0.00
GEN-9205,Amazon.de,2026-03-14,paid,paid,processing,EUR,olivia.reed.9205@example.com,Olivia Reed,Berlin,DE,PLATE-STONE-02-1,Stoneware Plate,Set of 4,2,32.63,65.26,12.40,0.00,9.25
GEN-9205,Amazon.de,2026-03-14,paid,paid,processing,EUR,olivia.reed.9205@example.com,Olivia Reed,Berlin,DE,SHEET-COTTON-88-2,Organic Cotton Sheet Set,Queen,1,93.88,93.88,17.84,0.00,0.00
GEN-9206,Retail POS,2026-03-25,refunded,pending,partial,EUR,amara.okafor.9206@example.com,Amara Okafor,Dublin,IE,SHEET-COTTON-08-1,Organic Cotton Sheet Set,Queen,1,96.95,96.95,18.42,0.00,1.40
GEN-9206,Retail POS,2026-03-25,refunded,pending,partial,EUR,amara.okafor.9206@example.com,Amara Okafor,Dublin,IE,JAR-GLASS-30-2,Glass Storage Jar,1L,4,22.57,90.28,17.15,0.00,0.00
GEN-9206,Retail POS,2026-03-25,refunded,pending,partial,EUR,amara.okafor.9206@example.com,Amara Okafor,Dublin,IE,SHEET-COTTON-45-3,Organic Cotton Sheet Set,Queen,1,96.02,96.02,18.24,0.00,0.00
GEN-9206,Retail POS,2026-03-25,refunded,pending,partial,EUR,amara.okafor.9206@example.com,Amara Okafor,Dublin,IE,SHEET-COTTON-71-4,Organic Cotton Sheet Set,Queen,1,94.35,94.35,17.93,0.00,0.00
GEN-9207,Retail POS,2026-03-23,pending,authorized,fulfilled,EUR,lucas.meyer.9207@example.com,Lucas Meyer,Hamburg,DE,THROW-CASH-77-1,Cashmere Throw,Ivory,4,82.72,330.88,62.87,5.28,2.03
GEN-9208,Wholesale Portal,2026-01-07,pending,pending,processing,CZK,sofia.novak.9208@example.com,Sofia Novak,Prague,CZ,SHEET-COTTON-97-1,Organic Cotton Sheet Set,Queen,3,89.61,268.83,56.45,0.00,9.10
GEN-9209,Marketplace Connect,2026-01-27,authorized,pending,unfulfilled,GBP,mia.foster.9209@example.com,Mia Foster,London,GB,BOWL-ENAMEL-61-1,Enamel Mixing Bowl,Blue,3,30.53,91.59,18.32,0.00,6.78
GEN-9209,Marketplace Connect,2026-01-27,authorized,pending,unfulfilled,GBP,mia.foster.9209@example.com,Mia Foster,London,GB,BLANKET-WOOL-16-2,Recycled Wool Blanket,Plaid,1,70.47,70.47,14.09,0.00,0.00
GEN-9210,Marketplace Connect,2026-03-19,pending,paid,fulfilled,CZK,sofia.novak.9210@example.com,Sofia Novak,Prague,CZ,HOOK-STEEL-50-1,Steel Wall Hook,Matte,1,13.34,13.34,2.80,0.00,4.66
GEN-9211,Retail POS,2026-01-22,refunded,authorized,fulfilled,CHF,jonas.keller.9211@example.com,Jonas Keller,Zurich,CH,DESK-WALNUT-64-1,Walnut Desk Organizer,Three slot,4,49.82,199.28,16.14,0.00,6.54
GEN-9212,Marketplace Connect,2026-04-08,refunded,pending,fulfilled,GBP,mia.foster.9212@example.com,Mia Foster,London,GB,CANDLE-BRASS-11-1,Brass Candle Holder,Tall,4,21.10,84.40,16.88,0.00,3.61
GEN-9212,Marketplace Connect,2026-04-08,refunded,pending,fulfilled,GBP,mia.foster.9212@example.com,Mia Foster,London,GB,TOWEL-BAMBOO-32-2,Bamboo Bath Towel,Sage,2,20.59,41.18,8.24,1.25,0.00
GEN-9213,Amazon.de,2026-02-09,paid,paid,partial,EUR,olivia.reed.9213@example.com,Olivia Reed,Berlin,DE,HOOK-STEEL-38-1,Steel Wall Hook,Matte,2,19.14,38.28,7.27,0.00,0.69
GEN-9213,Amazon.de,2026-02-09,paid,paid,partial,EUR,olivia.reed.9213@example.com,Olivia Reed,Berlin,DE,CUSHION-WOOL-30-2,Wool Cushion Cover,Moss,2,30.21,60.42,11.48,0.00,0.00
GEN-9213,Amazon.de,2026-02-09,paid,paid,partial,EUR,olivia.reed.9213@example.com,Olivia Reed,Berlin,DE,DESK-WALNUT-02-3,Walnut Desk Organizer,Three slot,4,50.86,203.44,38.65,7.58,0.00
GEN-9213,Amazon.de,2026-02-09,paid,paid,partial,EUR,olivia.reed.9213@example.com,Olivia Reed,Berlin,DE,BOWL-SERVE-97-4,Serving Bowl,Ivory,1,18.67,18.67,3.55,0.00,0.00
GEN-9214,Retail POS,2026-04-15,paid,paid,unfulfilled,EUR,lina.weber.9214@example.com,Lina Weber,Vienna,AT,BOWL-SERVE-34-1,Serving Bowl,Ivory,2,24.88,49.76,9.45,3.05,8.22
GEN-9215,Agency Sheet,2026-03-17,refunded,pending,unfulfilled,EUR,lina.weber.9215@example.com,Lina Weber,Vienna,AT,POUR-CERAMIC-04-1,Ceramic Pour-Over Set,White,1,46.31,46.31,8.80,0.00,2.07
GEN-9215,Agency Sheet,2026-03-17,refunded,pending,unfulfilled,EUR,lina.weber.9215@example.com,Lina Weber,Vienna,AT,DESK-WALNUT-57-2,Walnut Desk Organizer,Three slot,4,52.69,210.76,40.04,0.00,0.00
GEN-9215,Agency Sheet,2026-03-17,refunded,pending,unfulfilled,EUR,lina.weber.9215@example.com,Lina Weber,Vienna,AT,CANDLE-BRASS-51-3,Brass Candle Holder,Tall,4,25.05,100.20,19.04,0.00,0.00
GEN-9216,Marketplace Connect,2026-04-16,authorized,paid,shipped,CZK,sofia.novak.9216@example.com,Sofia Novak,Prague,CZ,LAMP-MATTE-25-1,Matte Table Lamp,Black,4,53.58,214.32,45.01,0.00,9.93
GEN-9217,Amazon.co.uk,2026-02-23,refunded,paid,unfulfilled,CHF,jonas.keller.9217@example.com,Jonas Keller,Zurich,CH,LAMP-MATTE-71-1,Matte Table Lamp,Black,3,60.21,180.63,14.63,0.00,7.03
GEN-9218,Wholesale Portal,2026-04-03,refunded,paid,unfulfilled,GBP,mia.foster.9218@example.com,Mia Foster,London,GB,SHEET-COTTON-12-1,Organic Cotton Sheet Set,Queen,4,86.36,345.44,69.09,0.00,8.23
GEN-9218,Wholesale Portal,2026-04-03,refunded,paid,unfulfilled,GBP,mia.foster.9218@example.com,Mia Foster,London,GB,TRAY-OAK-69-2,Oak Serving Tray,Large,4,70.41,281.64,56.33,0.00,0.00
GEN-9218,Wholesale Portal,2026-04-03,refunded,paid,unfulfilled,GBP,mia.foster.9218@example.com,Mia Foster,London,GB,BOWL-ENAMEL-17-3,Enamel Mixing Bowl,Blue,1,36.83,36.83,7.37,0.00,0.00
GEN-9218,Wholesale Portal,2026-04-03,refunded,paid,unfulfilled,GBP,mia.foster.9218@example.com,Mia Foster,London,GB,SHADE-LINEN-67-4,Linen Lamp Shade,Natural,1,33.20,33.20,6.64,0.00,0.00
GEN-9219,Amazon.de,2026-01-21,refunded,authorized,fulfilled,CHF,jonas.keller.9219@example.com,Jonas Keller,Zurich,CH,BLANKET-WOOL-92-1,Recycled Wool Blanket,Plaid,2,74.05,148.10,12.00,0.00,9.74
GEN-9219,Amazon.de,2026-01-21,refunded,authorized,fulfilled,CHF,jonas.keller.9219@example.com,Jonas Keller,Zurich,CH,BOWL-SERVE-15-2,Serving Bowl,Ivory,2,29.52,59.04,4.78,0.00,0.00
GEN-9219,Amazon.de,2026-01-21,refunded,authorized,fulfilled,CHF,jonas.keller.9219@example.com,Jonas Keller,Zurich,CH,BOWL-ENAMEL-42-3,Enamel Mixing Bowl,Blue,1,34.25,34.25,2.77,0.00,0.00
GEN-9220,Amazon.co.uk,2026-02-06,refunded,paid,processing,EUR,lucas.meyer.9220@example.com,Lucas Meyer,Hamburg,DE,PLATE-STONE-02-1,Stoneware Plate,Set of 4,2,33.73,67.46,12.82,0.00,4.10
GEN-9220,Amazon.co.uk,2026-02-06,refunded,paid,processing,EUR,lucas.meyer.9220@example.com,Lucas Meyer,Hamburg,DE,THROW-CASH-86-2,Cashmere Throw,Ivory,4,84.85,339.40,64.49,0.00,0.00
GEN-9221,Agency Sheet,2026-01-24,authorized,paid,processing,EUR,leo.martin.9221@example.com,Leo Martin,Munich,DE,CUSHION-WOOL-62-1,Wool Cushion Cover,Moss,2,35.54,71.08,13.51,0.00,5.45
GEN-9222,Wholesale Portal,2026-02-01,pending,authorized,processing,EUR,ava.shah.9222@example.com,Ava Shah,Cologne,DE,PLATE-STONE-15-1,Stoneware Plate,Set of 4,4,42.45,169.80,32.26,0.00,7.28
GEN-9222,Wholesale Portal,2026-02-01,pending,authorized,processing,EUR,ava.shah.9222@example.com,Ava Shah,Cologne,DE,SHEET-COTTON-65-2,Organic Cotton Sheet Set,Queen,4,87.77,351.08,66.71,0.00,0.00
GEN-9223,Amazon.de,2026-03-20,paid,paid,processing,EUR,emma.rossi.9223@example.com,Emma Rossi,Milan,IT,CUSHION-WOOL-24-1,Wool Cushion Cover,Moss,1,29.64,29.64,5.63,0.00,1.63
GEN-9223,Amazon.de,2026-03-20,paid,paid,processing,EUR,emma.rossi.9223@example.com,Emma Rossi,Milan,IT,TRAY-OAK-04-2,Oak Serving Tray,Large,3,61.78,185.34,35.21,0.00,0.00
GEN-9223,Amazon.de,2026-03-20,paid,paid,processing,EUR,emma.rossi.9223@example.com,Emma Rossi,Milan,IT,CUSHION-WOOL-42-3,Wool Cushion Cover,Moss,3,34.38,103.14,19.60,6.14,0.00
GEN-9224,Wholesale Portal,2026-04-29,pending,authorized,shipped,GBP,ben.carter.9224@example.com,Ben Carter,Manchester,GB,PLATE-STONE-06-1,Stoneware Plate,Set of 4,1,40.31,40.31,8.06,0.00,3.68
GEN-9224,Wholesale Portal,2026-04-29,pending,authorized,shipped,GBP,ben.carter.9224@example.com,Ben Carter,Manchester,GB,JAR-GLASS-93-2,Glass Storage Jar,1L,2,13.89,27.78,5.56,2.60,0.00
GEN-9225,Wholesale Portal,2026-02-09,pending,paid,processing,EUR,leo.martin.9225@example.com,Leo Martin,Munich,DE,CUSHION-WOOL-77-1,Wool Cushion Cover,Moss,4,29.81,119.24,22.66,0.00,7.79
GEN-9226,Amazon.co.uk,2026-04-12,authorized,pending,shipped,USD,noah.park.9226@example.com,Noah Park,Austin,US,PLATE-STONE-12-1,Stoneware Plate,Set of 4,2,42.94,85.88,7.09,0.00,8.63
